commodity,nu_star
wheat,0.4687500000000001
iron,0.21875
pigs,0.3124999999999999
