Output,Wheat_input,Iron_input,Pigs_input,Output_quantity,a_wheat,a_iron,a_pigs
Wheat,240,12,18,450,0.5333333333333333,0.02666666666666667,0.04
Iron,90,6,12,21,4.285714285714286,0.2857142857142857,0.5714285714285714
Pigs,120,3,30,60,2.0,0.05,0.5
