,,,EU,EU,EU,EU,EU,EU,EU,EU,EU,EU,EU,EU,EU,EU,EU,EU,EU,EU,EU,EU,EU,EU,EU,EU,EU,EU,EU,EU,EU,EU,EU,EU,EU,EU,EU,EU,EU,EU,EU,EU,EU,EU,EU,EU,EU,EU,EU,EU,EU,EU,EU,EU,EU,EU,RoW,RoW,RoW,RoW,RoW,RoW,RoW,RoW,RoW,RoW,RoW,RoW,RoW,RoW,RoW,RoW,RoW,RoW,RoW,RoW,RoW,RoW,RoW,RoW,RoW,RoW,RoW,RoW,RoW,RoW,RoW,RoW,RoW,RoW,RoW,RoW,RoW,RoW,RoW,RoW,RoW,RoW,RoW,RoW,RoW,RoW,RoW,RoW,RoW,RoW,RoW,RoW,RoW,RoW,EU,EU,EU,EU,RoW,RoW,RoW,RoW,"INTERMEDIATE
DEMAND (ID)","FINAL
DEMAND (FD)","AGGREGATE
DEMAND
(D = ID + FD)",
,,,Sector,Sector,Sector,Sector,Sector,Sector,Sector,Sector,Sector,Sector,Sector,Sector,Sector,Sector,Sector,Sector,Sector,Sector,Sector,Sector,Sector,Sector,Sector,Sector,Sector,Sector,Sector,Sector,Sector,Sector,Sector,Sector,Sector,Sector,Sector,Sector,Sector,Sector,Sector,Sector,Sector,Sector,Sector,Sector,Sector,Sector,Sector,Sector,Sector,Sector,Sector,Sector,Sector,Sector,Sector,Sector,Sector,Sector,Sector,Sector,Sector,Sector,Sector,Sector,Sector,Sector,Sector,Sector,Sector,Sector,Sector,Sector,Sector,Sector,Sector,Sector,Sector,Sector,Sector,Sector,Sector,Sector,Sector,Sector,Sector,Sector,Sector,Sector,Sector,Sector,Sector,Sector,Sector,Sector,Sector,Sector,Sector,Sector,Sector,Sector,Sector,Sector,Sector,Sector,Sector,Sector,Sector,Sector,Consumption category,Consumption category,Consumption category,Consumption category,Consumption category,Consumption category,Consumption category,Consumption category,,,,
,,,Agriculture,Animal Farming,"Forestry, logging and related service activities (02)","Fishing, operating of fish hatcheries and fish farms; service activities incidental to fishing (05)",Extraction of Fossil-Fuels,Mining & Quarrying of raw materials,Processing of meat,Processing of other food&beverage,Manufacture of tobacco products (16),Manufacture of textiles,"Manufacture of wood and of products of wood and cork, except furniture; manufacture of articles of straw and plaiting materials (20)",Re-processing of secondary wood material into new wood material,Pulp,Re-processing of secondary paper into new pulp,Paper,Processing of Fossil Fuels,"Plastics, basic",Re-processing of secondary plastic into new plastic,Manufacture of Chemicals,Manufacture of rubber and plastic products (25),Manufacture of glass and glass products,Re-processing of secondary glass into new glass,Manufacture of other non-metallic mineral products,"Manufacture of cement, lime and plaster",Re-processing of ash into clinker,Manufacture of Metals,Re-processing of Metals,Manufacture of durable goods,Manufacture of furniture; manufacturing n.e.c. (36),Recycling,Production of electricity by fossil fuels,Production of electricity by renewable energy,Transmission & Distribution,Manufacture of gas; distribution of gaseous fuels through mains,Water,Construction (45),Re-processing of secondary construction material into aggregates,"Sale, maintenance, repair of motor vehicles, motor vehicles parts, motorcycles, motor cycles parts and accessoiries",Retail sale of automotive fuel,Retail & Wholesale trade,Leisure Services,Transport,KIBS,Real estate activities (70),Renting of machinery and equipment without operator and of personal and household goods (71),Research and development (73),Public administration and defence; compulsory social security (75),Education (80),Health and social work (85),Incineration of Waste,Biogas & Composting,Waste water,Landfill of Waste,Other Services,Agriculture,Animal Farming,"Forestry, logging and related service activities (02)","Fishing, operating of fish hatcheries and fish farms; service activities incidental to fishing (05)",Extraction of Fossil-Fuels,Mining & Quarrying of raw materials,Processing of meat,Processing of other food&beverage,Manufacture of tobacco products (16),Manufacture of textiles,"Manufacture of wood and of products of wood and cork, except furniture; manufacture of articles of straw and plaiting materials (20)",Re-processing of secondary wood material into new wood material,Pulp,Re-processing of secondary paper into new pulp,Paper,Processing of Fossil Fuels,"Plastics, basic",Re-processing of secondary plastic into new plastic,Manufacture of Chemicals,Manufacture of rubber and plastic products (25),Manufacture of glass and glass products,Re-processing of secondary glass into new glass,Manufacture of other non-metallic mineral products,"Manufacture of cement, lime and plaster",Re-processing of ash into clinker,Manufacture of Metals,Re-processing of Metals,Manufacture of durable goods,Manufacture of furniture; manufacturing n.e.c. (36),Recycling,Production of electricity by fossil fuels,Production of electricity by renewable energy,Transmission & Distribution,Manufacture of gas; distribution of gaseous fuels through mains,Water,Construction (45),Re-processing of secondary construction material into aggregates,"Sale, maintenance, repair of motor vehicles, motor vehicles parts, motorcycles, motor cycles parts and accessoiries",Retail sale of automotive fuel,Retail & Wholesale trade,Leisure Services,Transport,KIBS,Real estate activities (70),Renting of machinery and equipment without operator and of personal and household goods (71),Research and development (73),Public administration and defence; compulsory social security (75),Education (80),Health and social work (85),Incineration of Waste,Biogas & Composting,Waste water,Landfill of Waste,Other Services,Consumption,Final consumption expenditure by government,GFCF,Exports: Total (fob),Consumption,Final consumption expenditure by government,GFCF,Exports: Total (fob),,,,
EU,Sector,Agriculture,0.040,0.099,0.009,0.002,0.000,0.000,0.030,0.101,0.028,0.002,0.000,0.001,0.000,0.000,0.000,0.000,0.002,0.003,0.003,0.000,0.000,0.000,0.000,0.000,0.000,0.000,0.000,0.000,0.000,0.000,0.000,0.001,0.000,0.000,0.000,0.000,0.001,0.000,0.000,0.001,0.006,0.000,0.000,0.000,0.000,0.001,0.001,0.000,0.001,0.001,0.000,0.000,0.000,0.000,0.001,0.001,0.000,0.000,0.000,0.000,0.000,0.001,0.004,0.000,0.000,0.000,0.000,0.000,0.000,0.000,0.000,0.000,0.001,0.000,0.000,0.000,0.000,0.000,0.000,0.000,0.000,0.000,0.000,0.000,0.000,0.000,0.000,0.001,0.000,0.000,0.000,0.000,0.001,0.000,0.000,0.000,0.000,0.000,0.000,0.000,0.000,0.000,0.000,0.000,0.000,0.000,0.000,0.000,0.014,0.000,0.002,,0.000,0.000,0.000,,0.023,0.002,0.004,
EU,Sector,Animal Farming,0.000,0.009,0.000,0.000,0.000,0.000,0.222,0.059,0.002,0.001,0.000,0.000,0.000,0.000,0.000,0.000,0.000,0.000,0.000,0.000,0.000,0.000,0.000,0.000,0.000,0.000,0.000,0.000,0.000,0.000,0.000,0.000,0.000,0.000,0.000,0.000,0.001,0.000,0.000,0.001,0.001,0.000,0.000,0.000,0.000,0.000,0.000,0.000,0.000,0.001,0.000,0.000,0.000,0.000,0.000,0.000,0.000,0.000,0.000,0.000,0.000,0.000,0.000,0.000,0.000,0.000,0.000,0.000,0.000,0.000,0.000,0.000,0.000,0.000,0.000,0.000,0.000,0.000,0.000,0.000,0.000,0.000,0.000,0.000,0.000,0.000,0.000,0.000,0.000,0.000,0.000,0.000,0.000,0.000,0.000,0.000,0.000,0.000,0.000,0.000,0.000,0.000,0.000,0.000,0.000,0.000,0.000,0.000,0.005,0.000,0.004,,0.000,0.000,0.000,,0.024,0.001,0.003,
EU,Sector,"Forestry, logging and related service activities (02)",0.000,0.002,0.217,0.000,0.001,0.001,0.000,0.001,0.003,0.000,0.112,0.003,0.044,0.000,0.007,0.000,0.000,0.000,0.000,0.000,0.000,0.000,0.000,0.000,0.000,0.000,0.000,0.000,0.003,0.000,0.000,0.003,0.000,0.000,0.000,0.001,0.000,0.000,0.000,0.000,0.000,0.000,0.000,0.000,0.000,0.000,0.000,0.000,0.000,0.000,0.000,0.000,0.000,0.000,0.000,0.000,0.000,0.000,0.000,0.000,0.000,0.000,0.000,0.000,0.001,0.000,0.000,0.000,0.000,0.000,0.000,0.000,0.000,0.000,0.000,0.000,0.000,0.000,0.000,0.000,0.000,0.000,0.000,0.000,0.000,0.000,0.000,0.000,0.000,0.000,0.000,0.000,0.000,0.000,0.000,0.000,0.000,0.000,0.000,0.000,0.000,0.000,0.000,0.000,0.000,0.000,0.000,0.000,0.001,0.000,0.002,,0.000,0.000,0.000,,0.006,0.000,0.001,
EU,Sector,"Fishing, operating of fish hatcheries and fish farms; service activities incidental to fishing (05)",0.000,0.000,0.000,0.030,0.000,0.000,0.002,0.002,0.001,0.000,0.000,0.000,0.000,0.000,0.000,0.000,0.000,0.000,0.000,0.000,0.000,0.000,0.000,0.000,0.000,0.000,0.000,0.000,0.000,0.000,0.000,0.000,0.000,0.000,0.000,0.000,0.045,0.000,0.000,0.000,0.001,0.000,0.000,0.000,0.000,0.000,0.000,0.000,0.000,0.000,0.000,0.000,0.000,0.000,0.000,0.000,0.000,0.000,0.000,0.000,0.000,0.000,0.000,0.000,0.000,0.000,0.000,0.000,0.000,0.000,0.000,0.000,0.000,0.000,0.000,0.000,0.000,0.000,0.000,0.000,0.000,0.000,0.000,0.000,0.000,0.000,0.000,0.000,0.000,0.000,0.000,0.000,0.000,0.000,0.000,0.000,0.000,0.000,0.000,0.000,0.000,0.000,0.000,0.000,0.000,0.000,0.000,0.000,0.001,0.000,0.000,,0.000,0.000,0.000,,0.001,0.000,0.000,
EU,Sector,Extraction of Fossil-Fuels,0.001,0.001,0.001,0.000,0.030,0.003,0.000,0.000,0.001,0.002,0.003,0.002,0.006,0.002,0.000,0.035,0.002,0.001,0.006,0.001,0.002,0.005,0.003,0.003,0.003,0.007,0.003,0.000,0.002,0.001,0.069,0.001,0.001,0.017,0.018,0.000,0.000,0.000,0.001,0.000,0.000,0.000,0.000,0.000,0.000,0.001,0.000,0.000,0.000,0.000,0.000,0.001,0.000,0.001,0.000,0.000,0.000,0.000,0.000,0.000,0.000,0.000,0.000,0.000,0.002,0.000,0.000,0.000,0.000,0.001,0.000,0.000,0.000,0.000,0.000,0.000,0.000,0.000,0.000,0.000,0.000,0.000,0.000,0.000,0.001,0.000,0.000,0.001,0.000,0.000,0.000,0.000,0.000,0.000,0.000,0.000,0.000,0.000,0.000,0.000,0.000,0.000,0.000,0.000,0.000,0.000,0.000,0.000,0.001,0.000,0.002,,0.000,0.000,0.000,,0.010,0.000,0.001,
EU,Sector,Mining & Quarrying of raw materials,0.001,0.001,0.000,0.004,0.001,0.061,0.001,0.001,0.000,0.000,0.000,0.000,0.007,0.009,0.001,0.000,0.002,0.002,0.011,0.001,0.047,0.003,0.048,0.065,0.065,0.025,0.003,0.001,0.001,0.002,0.001,0.000,0.001,0.002,0.001,0.010,0.000,0.000,0.001,0.001,0.000,0.000,0.000,0.000,0.000,0.000,0.001,0.000,0.000,0.001,0.001,0.002,0.002,0.000,0.000,0.000,0.000,0.000,0.000,0.000,0.000,0.000,0.000,0.000,0.000,0.000,0.000,0.000,0.000,0.000,0.000,0.000,0.000,0.000,0.000,0.000,0.000,0.001,0.001,0.000,0.000,0.000,0.000,0.000,0.000,0.000,0.000,0.000,0.000,0.000,0.000,0.000,0.000,0.000,0.000,0.000,0.000,0.000,0.000,0.000,0.000,0.000,0.000,0.000,0.000,0.000,0.000,0.000,0.000,0.000,0.001,,0.000,0.000,0.000,,0.011,0.000,0.001,
EU,Sector,Processing of meat,0.000,0.061,0.001,0.012,0.000,0.002,0.069,0.050,0.002,0.002,0.000,0.000,0.001,0.001,0.001,0.000,0.002,0.003,0.002,0.001,0.000,0.000,0.001,0.000,0.000,0.000,0.000,0.000,0.001,0.001,0.000,0.000,0.000,0.000,0.000,0.000,0.000,0.000,0.003,0.001,0.021,0.001,0.001,0.000,0.001,0.003,0.001,0.002,0.005,0.000,0.000,0.001,0.001,0.001,0.000,0.001,0.000,0.000,0.000,0.000,0.002,0.001,0.000,0.000,0.000,0.000,0.000,0.000,0.000,0.000,0.000,0.000,0.000,0.000,0.000,0.000,0.000,0.000,0.000,0.000,0.000,0.000,0.000,0.000,0.000,0.000,0.000,0.000,0.000,0.000,0.000,0.000,0.000,0.000,0.001,0.000,0.000,0.000,0.000,0.000,0.000,0.000,0.000,0.000,0.000,0.000,0.000,0.000,0.037,0.000,0.001,,0.001,0.000,0.000,,0.023,0.005,0.006,
EU,Sector,Processing of other food&beverage,0.000,0.133,0.001,0.013,0.000,0.002,0.056,0.075,0.002,0.006,0.001,0.001,0.001,0.001,0.001,0.000,0.008,0.007,0.010,0.001,0.000,0.000,0.001,0.000,0.000,0.000,0.000,0.000,0.001,0.002,0.001,0.000,0.000,0.000,0.001,0.001,0.000,0.000,0.003,0.001,0.024,0.001,0.001,0.000,0.001,0.002,0.002,0.003,0.006,0.000,0.000,0.001,0.001,0.001,0.000,0.001,0.000,0.000,0.000,0.000,0.001,0.002,0.000,0.000,0.000,0.000,0.000,0.001,0.000,0.000,0.000,0.000,0.000,0.000,0.000,0.000,0.000,0.000,0.000,0.000,0.000,0.000,0.000,0.000,0.000,0.000,0.000,0.000,0.000,0.000,0.000,0.000,0.000,0.000,0.001,0.000,0.000,0.000,0.000,0.000,0.000,0.000,0.000,0.000,0.000,0.000,0.000,0.000,0.048,0.000,0.002,,0.002,0.000,0.000,,0.030,0.007,0.009,
EU,Sector,Manufacture of tobacco products (16),0.000,0.000,0.000,0.000,0.000,0.000,0.000,0.000,0.020,0.000,0.000,0.000,0.000,0.000,0.000,0.000,0.000,0.000,0.000,0.000,0.000,0.000,0.000,0.000,0.000,0.002,0.000,0.000,0.000,0.000,0.000,0.000,0.000,0.000,0.000,0.000,0.000,0.000,0.000,0.000,0.000,0.000,0.000,0.000,0.000,0.000,0.000,0.000,0.000,0.000,0.000,0.000,0.000,0.000,0.000,0.000,0.000,0.000,0.000,0.000,0.000,0.000,0.000,0.000,0.000,0.000,0.000,0.000,0.000,0.000,0.000,0.000,0.000,0.000,0.000,0.000,0.000,0.000,0.000,0.000,0.000,0.000,0.000,0.000,0.000,0.000,0.000,0.000,0.000,0.000,0.000,0.000,0.000,0.000,0.000,0.000,0.000,0.000,0.000,0.000,0.000,0.000,0.000,0.000,0.000,0.000,0.000,0.000,0.002,0.000,0.000,,0.000,0.000,0.000,,0.001,0.000,0.000,
EU,Sector,Manufacture of textiles,0.002,0.001,0.002,0.016,0.001,0.001,0.000,0.001,0.002,0.180,0.002,0.004,0.002,0.003,0.004,0.000,0.001,0.001,0.005,0.008,0.004,0.004,0.002,0.001,0.001,0.001,0.001,0.003,0.011,0.002,0.001,0.000,0.000,0.001,0.001,0.002,0.001,0.001,0.002,0.001,0.002,0.001,0.001,0.000,0.001,0.001,0.001,0.000,0.002,0.002,0.002,0.003,0.003,0.002,0.000,0.000,0.000,0.000,0.000,0.000,0.000,0.000,0.000,0.005,0.000,0.000,0.000,0.000,0.000,0.000,0.000,0.000,0.001,0.000,0.000,0.000,0.000,0.000,0.000,0.000,0.000,0.000,0.001,0.000,0.000,0.000,0.000,0.000,0.000,0.000,0.000,0.000,0.000,0.000,0.000,0.000,0.000,0.000,0.000,0.000,0.000,0.000,0.000,0.000,0.000,0.000,0.000,0.000,0.022,0.000,0.002,,0.001,0.000,0.000,,0.019,0.003,0.005,
EU,Sector,"Manufacture of wood and of products of wood and cork, except furniture; manufacture of articles of straw and plaiting materials (20)",0.002,0.002,0.005,0.004,0.003,0.003,0.001,0.002,0.001,0.001,0.136,0.127,0.024,0.001,0.004,0.000,0.001,0.001,0.001,0.002,0.005,0.006,0.007,0.001,0.001,0.003,0.003,0.002,0.048,0.006,0.002,0.004,0.002,0.000,0.002,0.015,0.000,0.000,0.001,0.000,0.001,0.001,0.000,0.001,0.001,0.001,0.000,0.000,0.000,0.001,0.001,0.001,0.001,0.002,0.000,0.000,0.000,0.000,0.000,0.000,0.000,0.000,0.000,0.000,0.005,0.020,0.004,0.000,0.000,0.000,0.000,0.000,0.000,0.000,0.000,0.001,0.000,0.000,0.000,0.000,0.000,0.000,0.001,0.000,0.000,0.000,0.000,0.000,0.000,0.001,0.000,0.000,0.000,0.000,0.000,0.000,0.000,0.000,0.000,0.000,0.000,0.000,0.000,0.000,0.000,0.000,0.000,0.000,0.002,0.000,0.004,,0.000,0.000,0.000,,0.017,0.000,0.002,
EU,Sector,Re-processing of secondary wood material into new wood material,0.001,0.001,0.001,0.002,0.001,0.001,0.000,0.001,0.000,0.000,0.037,0.064,0.004,0.000,0.001,0.000,0.001,0.001,0.000,0.001,0.002,0.002,0.003,0.000,0.000,0.001,0.001,0.001,0.020,0.002,0.000,0.000,0.000,0.000,0.000,0.005,0.000,0.000,0.000,0.000,0.000,0.000,0.000,0.000,0.000,0.000,0.000,0.000,0.000,0.000,0.000,0.000,0.000,0.001,0.000,0.000,0.000,0.000,0.000,0.000,0.000,0.000,0.000,0.000,0.001,0.004,0.001,0.000,0.000,0.000,0.000,0.000,0.000,0.000,0.000,0.000,0.000,0.000,0.000,0.000,0.000,0.000,0.000,0.000,0.000,0.000,0.000,0.000,0.000,0.000,0.000,0.000,0.000,0.000,0.000,0.000,0.000,0.000,0.000,0.000,0.000,0.000,0.000,0.000,0.000,0.000,0.000,0.000,0.001,0.000,0.001,,0.000,0.000,0.000,,0.006,0.000,0.001,
EU,Sector,Pulp,0.000,0.000,0.000,0.000,0.000,0.000,0.000,0.000,0.001,0.000,0.001,0.000,0.000,0.000,0.034,0.000,0.004,0.002,0.000,0.000,0.000,0.000,0.000,0.000,0.000,0.000,0.000,0.000,0.001,0.000,0.000,0.000,0.000,0.000,0.000,0.000,0.000,0.000,0.002,0.000,0.000,0.000,0.000,0.000,0.000,0.000,0.000,0.000,0.000,0.000,0.000,0.000,0.000,0.000,0.000,0.000,0.000,0.000,0.000,0.000,0.000,0.000,0.000,0.000,0.000,0.000,0.000,0.000,0.001,0.000,0.000,0.000,0.000,0.000,0.000,0.000,0.000,0.000,0.000,0.000,0.000,0.000,0.000,0.000,0.000,0.000,0.000,0.000,0.000,0.000,0.000,0.000,0.000,0.000,0.000,0.000,0.000,0.000,0.000,0.000,0.000,0.000,0.000,0.000,0.000,0.000,0.000,0.000,0.000,0.000,0.000,,0.000,0.000,0.000,,0.003,0.000,0.000,
EU,Sector,Re-processing of secondary paper into new pulp,0.000,0.000,0.000,0.000,0.000,0.000,0.000,0.000,0.002,0.001,0.000,0.000,0.000,0.000,0.073,0.000,0.009,0.006,0.000,0.001,0.000,0.000,0.000,0.000,0.000,0.000,0.000,0.000,0.001,0.000,0.000,0.000,0.000,0.000,0.000,0.000,0.000,0.000,0.005,0.000,0.000,0.000,0.000,0.000,0.000,0.000,0.000,0.000,0.000,0.000,0.000,0.000,0.000,0.000,0.000,0.000,0.000,0.000,0.000,0.000,0.000,0.000,0.000,0.000,0.000,0.000,0.000,0.000,0.001,0.000,0.000,0.000,0.000,0.000,0.000,0.000,0.000,0.000,0.000,0.000,0.000,0.000,0.000,0.000,0.000,0.000,0.000,0.000,0.000,0.000,0.000,0.000,0.000,0.000,0.000,0.000,0.000,0.000,0.000,0.000,0.000,0.000,0.000,0.000,0.000,0.000,0.000,0.000,0.000,0.000,0.001,,0.000,0.000,0.000,,0.006,0.000,0.001,
EU,Sector,Paper,0.003,0.002,0.002,0.004,0.002,0.005,0.012,0.012,0.024,0.008,0.010,0.010,0.014,0.014,0.140,0.001,0.007,0.009,0.011,0.006,0.011,0.015,0.016,0.004,0.004,0.003,0.003,0.004,0.011,0.033,0.004,0.004,0.003,0.002,0.005,0.003,0.001,0.003,0.006,0.003,0.011,0.003,0.015,0.001,0.010,0.018,0.009,0.011,0.005,0.007,0.006,0.006,0.005,0.009,0.000,0.000,0.000,0.000,0.000,0.000,0.000,0.001,0.001,0.000,0.000,0.001,0.000,0.001,0.006,0.000,0.000,0.001,0.000,0.000,0.000,0.006,0.000,0.000,0.002,0.000,0.000,0.000,0.000,0.000,0.000,0.000,0.000,0.000,0.000,0.000,0.000,0.000,0.001,0.000,0.000,0.000,0.000,0.000,0.000,0.000,0.000,0.000,0.000,0.000,0.000,0.000,0.000,0.000,0.015,0.001,0.004,,0.000,0.000,0.000,,0.044,0.002,0.006,
EU,Sector,Processing of Fossil Fuels,0.026,0.011,0.012,0.021,0.005,0.012,0.001,0.002,0.001,0.001,0.005,0.011,0.006,0.001,0.002,0.063,0.020,0.003,0.012,0.003,0.007,0.005,0.011,0.004,0.006,0.013,0.006,0.001,0.003,0.009,0.013,0.006,0.004,0.007,0.004,0.007,0.000,0.004,0.003,0.004,0.002,0.028,0.002,0.001,0.008,0.003,0.004,0.001,0.001,0.003,0.006,0.012,0.008,0.002,0.001,0.001,0.001,0.001,0.001,0.002,0.000,0.000,0.000,0.000,0.000,0.001,0.004,0.000,0.000,0.002,0.006,0.000,0.002,0.000,0.000,0.000,0.000,0.000,0.000,0.000,0.000,0.000,0.000,0.001,0.002,0.001,0.000,0.001,0.000,0.001,0.000,0.000,0.001,0.000,0.000,0.002,0.000,0.000,0.000,0.000,0.001,0.000,0.000,0.000,0.000,0.000,0.000,0.000,0.020,0.000,0.003,,0.001,0.000,0.000,,0.035,0.003,0.006,
EU,Sector,"Plastics, basic",0.001,0.001,0.000,0.001,0.003,0.002,0.001,0.001,0.001,0.011,0.003,0.005,0.003,0.003,0.007,0.002,0.029,0.023,0.005,0.184,0.005,0.004,0.004,0.003,0.003,0.002,0.002,0.007,0.006,0.003,0.001,0.001,0.001,0.001,0.001,0.001,0.000,0.003,0.003,0.001,0.001,0.001,0.002,0.000,0.001,0.002,0.001,0.000,0.002,0.001,0.001,0.001,0.001,0.002,0.000,0.000,0.000,0.000,0.000,0.000,0.000,0.000,0.000,0.000,0.000,0.000,0.000,0.001,0.000,0.000,0.001,0.005,0.000,0.005,0.000,0.002,0.000,0.000,0.002,0.000,0.000,0.000,0.000,0.000,0.000,0.000,0.000,0.000,0.000,0.000,0.000,0.000,0.000,0.000,0.000,0.000,0.000,0.000,0.000,0.000,0.000,0.000,0.000,0.000,0.000,0.000,0.000,0.000,0.002,0.050,0.003,,0.000,0.000,0.000,,0.023,0.003,0.004,
EU,Sector,Re-processing of secondary plastic into new plastic,0.000,0.000,0.000,0.000,0.001,0.001,0.000,0.000,0.000,0.003,0.001,0.002,0.001,0.001,0.002,0.000,0.009,0.010,0.003,0.050,0.001,0.001,0.001,0.001,0.001,0.001,0.001,0.002,0.002,0.001,0.000,0.000,0.000,0.000,0.000,0.000,0.000,0.001,0.001,0.000,0.000,0.000,0.000,0.000,0.000,0.001,0.000,0.000,0.000,0.000,0.000,0.000,0.000,0.001,0.000,0.000,0.000,0.000,0.000,0.000,0.000,0.000,0.000,0.000,0.000,0.000,0.000,0.000,0.000,0.000,0.000,0.001,0.000,0.001,0.000,0.000,0.000,0.000,0.000,0.000,0.000,0.000,0.000,0.000,0.000,0.000,0.000,0.000,0.000,0.000,0.000,0.000,0.000,0.000,0.000,0.000,0.000,0.000,0.000,0.000,0.000,0.000,0.000,0.000,0.000,0.000,0.000,0.000,0.000,0.011,0.001,,0.000,0.000,0.000,,0.007,0.001,0.001,
EU,Sector,Manufacture of Chemicals,0.025,0.003,0.004,0.009,0.002,0.006,0.002,0.002,0.002,0.005,0.008,0.008,0.016,0.013,0.003,0.005,0.022,0.041,0.027,0.006,0.011,0.013,0.011,0.003,0.003,0.005,0.009,0.001,0.004,0.010,0.003,0.003,0.001,0.003,0.004,0.001,0.000,0.001,0.000,0.000,0.001,0.001,0.000,0.000,0.001,0.004,0.001,0.000,0.005,0.003,0.002,0.009,0.006,0.002,0.001,0.000,0.000,0.000,0.000,0.000,0.000,0.000,0.000,0.001,0.000,0.000,0.001,0.005,0.000,0.000,0.007,0.020,0.004,0.001,0.001,0.003,0.001,0.000,0.001,0.000,0.001,0.000,0.000,0.000,0.000,0.000,0.000,0.000,0.000,0.000,0.000,0.000,0.000,0.000,0.000,0.000,0.000,0.000,0.000,0.000,0.000,0.000,0.002,0.000,0.000,0.000,0.000,0.000,0.002,0.001,0.000,,0.001,0.000,0.000,,0.017,0.001,0.002,
EU,Sector,Manufacture of rubber and plastic products (25),0.005,0.003,0.002,0.008,0.005,0.005,0.013,0.011,0.004,0.018,0.008,0.010,0.012,0.017,0.008,0.001,0.014,0.011,0.026,0.091,0.019,0.021,0.007,0.007,0.007,0.004,0.004,0.021,0.023,0.007,0.003,0.002,0.002,0.006,0.004,0.021,0.002,0.009,0.001,0.001,0.002,0.003,0.002,0.001,0.004,0.003,0.001,0.000,0.002,0.006,0.005,0.006,0.007,0.001,0.000,0.000,0.000,0.000,0.000,0.000,0.000,0.001,0.000,0.000,0.000,0.001,0.000,0.003,0.000,0.000,0.001,0.002,0.001,0.003,0.000,0.001,0.000,0.000,0.000,0.000,0.000,0.001,0.001,0.000,0.000,0.000,0.000,0.000,0.000,0.001,0.000,0.001,0.000,0.000,0.000,0.000,0.000,0.000,0.000,0.000,0.000,0.000,0.000,0.000,0.000,0.000,0.000,0.000,0.005,0.000,0.003,,0.000,0.000,0.000,,0.042,0.001,0.004,
EU,Sector,Manufacture of glass and glass products,0.002,0.001,0.000,0.001,0.001,0.006,0.002,0.003,0.000,0.001,0.004,0.005,0.002,0.001,0.000,0.000,0.002,0.002,0.002,0.002,0.109,0.000,0.002,0.001,0.001,0.000,0.000,0.002,0.002,0.002,0.000,0.000,0.000,0.000,0.000,0.001,0.000,0.001,0.000,0.000,0.000,0.000,0.000,0.000,0.001,0.001,0.000,0.000,0.000,0.000,0.000,0.000,0.000,0.000,0.000,0.000,0.000,0.000,0.000,0.000,0.000,0.000,0.000,0.000,0.000,0.000,0.000,0.000,0.000,0.000,0.000,0.000,0.000,0.000,0.002,0.000,0.000,0.000,0.000,0.000,0.000,0.000,0.000,0.000,0.000,0.000,0.000,0.000,0.000,0.000,0.000,0.000,0.000,0.000,0.000,0.000,0.000,0.000,0.000,0.000,0.000,0.000,0.000,0.000,0.000,0.000,0.000,0.000,0.000,0.000,0.000,,0.000,0.000,0.000,,0.005,0.000,0.000,
EU,Sector,Re-processing of secondary glass into new glass,0.001,0.001,0.000,0.001,0.000,0.002,0.001,0.001,0.000,0.000,0.001,0.002,0.001,0.001,0.000,0.000,0.001,0.001,0.001,0.001,0.035,0.000,0.001,0.000,0.000,0.000,0.000,0.001,0.001,0.001,0.000,0.000,0.000,0.000,0.000,0.000,0.000,0.000,0.000,0.000,0.000,0.000,0.000,0.000,0.000,0.000,0.000,0.000,0.000,0.000,0.000,0.000,0.000,0.000,0.000,0.000,0.000,0.000,0.000,0.000,0.000,0.000,0.000,0.000,0.000,0.000,0.000,0.000,0.000,0.000,0.000,0.000,0.000,0.000,0.001,0.000,0.000,0.000,0.000,0.000,0.000,0.000,0.000,0.000,0.000,0.000,0.000,0.000,0.000,0.000,0.000,0.000,0.000,0.000,0.000,0.000,0.000,0.000,0.000,0.000,0.000,0.000,0.000,0.000,0.000,0.000,0.000,0.000,0.000,0.000,0.000,,0.000,0.000,0.000,,0.002,0.000,0.000,
EU,Sector,Manufacture of other non-metallic mineral products,0.001,0.001,0.001,0.001,0.000,0.006,0.001,0.001,0.000,0.001,0.001,0.001,0.001,0.001,0.000,0.000,0.002,0.002,0.001,0.001,0.016,0.019,0.064,0.020,0.025,0.005,0.012,0.002,0.001,0.001,0.001,0.001,0.001,0.003,0.002,0.013,0.000,0.000,0.000,0.001,0.001,0.000,0.000,0.000,0.000,0.000,0.000,0.000,0.001,0.002,0.002,0.003,0.004,0.001,0.000,0.000,0.000,0.000,0.000,0.000,0.000,0.000,0.000,0.000,0.000,0.000,0.000,0.000,0.000,0.000,0.000,0.000,0.000,0.000,0.000,0.001,0.001,0.000,0.001,0.000,0.001,0.000,0.000,0.000,0.000,0.000,0.000,0.000,0.000,0.001,0.000,0.000,0.000,0.000,0.000,0.000,0.000,0.000,0.000,0.000,0.000,0.000,0.000,0.000,0.000,0.000,0.000,0.000,0.003,0.000,0.001,,0.000,0.000,0.000,,0.010,0.000,0.001,
EU,Sector,"Manufacture of cement, lime and plaster",0.000,0.000,0.001,0.000,0.000,0.005,0.000,0.000,0.000,0.000,0.000,0.000,0.000,0.001,0.000,0.000,0.001,0.001,0.001,0.001,0.002,0.000,0.003,0.119,0.118,0.001,0.000,0.000,0.001,0.001,0.001,0.001,0.001,0.002,0.001,0.042,0.000,0.000,0.000,0.000,0.000,0.000,0.000,0.001,0.000,0.000,0.000,0.000,0.000,0.000,0.000,0.001,0.001,0.000,0.000,0.000,0.000,0.000,0.000,0.000,0.000,0.000,0.000,0.000,0.000,0.000,0.000,0.000,0.000,0.000,0.000,0.000,0.000,0.000,0.000,0.000,0.000,0.001,0.003,0.000,0.000,0.000,0.000,0.000,0.000,0.000,0.000,0.000,0.000,0.000,0.000,0.000,0.000,0.000,0.000,0.000,0.000,0.000,0.000,0.000,0.000,0.000,0.000,0.000,0.000,0.000,0.000,0.000,0.000,0.000,0.001,,0.000,0.000,0.000,,0.018,0.000,0.002,
EU,Sector,Re-processing of ash into clinker,0.000,0.000,0.000,0.000,0.000,0.001,0.000,0.000,0.000,0.000,0.000,0.000,0.000,0.000,0.000,0.000,0.000,0.000,0.000,0.000,0.000,0.000,0.001,0.031,0.049,0.000,0.000,0.000,0.000,0.000,0.000,0.000,0.000,0.000,0.000,0.011,0.000,0.000,0.000,0.000,0.000,0.000,0.000,0.000,0.000,0.000,0.000,0.000,0.000,0.000,0.000,0.000,0.000,0.000,0.000,0.000,0.000,0.000,0.000,0.000,0.000,0.000,0.000,0.000,0.000,0.000,0.000,0.000,0.000,0.000,0.000,0.000,0.000,0.000,0.000,0.000,0.000,0.000,0.001,0.000,0.000,0.000,0.000,0.000,0.000,0.000,0.000,0.000,0.000,0.000,0.000,0.000,0.000,0.000,0.000,0.000,0.000,0.000,0.000,0.000,0.000,0.000,0.000,0.000,0.000,0.000,0.000,0.000,0.000,0.000,0.000,,0.000,0.000,0.000,,0.005,0.000,0.000,
EU,Sector,Manufacture of Metals,0.001,0.001,0.001,0.001,0.004,0.006,0.001,0.001,0.001,0.001,0.002,0.003,0.002,0.003,0.002,0.001,0.004,0.003,0.005,0.006,0.003,0.003,0.006,0.009,0.007,0.182,0.130,0.038,0.013,0.031,0.003,0.002,0.003,0.003,0.005,0.012,0.001,0.001,0.001,0.001,0.000,0.001,0.001,0.000,0.001,0.002,0.001,0.000,0.000,0.001,0.001,0.002,0.002,0.000,0.000,0.000,0.000,0.000,0.000,0.000,0.000,0.000,0.000,0.000,0.000,0.000,0.000,0.000,0.000,0.000,0.000,0.000,0.001,0.000,0.000,0.001,0.000,0.000,0.001,0.007,0.012,0.002,0.002,0.001,0.000,0.000,0.000,0.000,0.000,0.001,0.000,0.000,0.000,0.000,0.000,0.000,0.000,0.000,0.000,0.000,0.000,0.000,0.000,0.000,0.000,0.000,0.000,0.000,0.001,0.000,0.003,,0.000,0.000,0.000,,0.052,0.000,0.005,
EU,Sector,Re-processing of Metals,0.001,0.000,0.001,0.000,0.002,0.003,0.000,0.000,0.000,0.000,0.001,0.001,0.001,0.001,0.001,0.000,0.001,0.001,0.002,0.003,0.002,0.002,0.003,0.004,0.005,0.049,0.080,0.017,0.008,0.019,0.001,0.001,0.001,0.001,0.002,0.004,0.000,0.001,0.000,0.000,0.000,0.000,0.000,0.000,0.001,0.001,0.000,0.000,0.000,0.000,0.000,0.001,0.001,0.000,0.000,0.000,0.000,0.000,0.000,0.000,0.000,0.000,0.000,0.000,0.000,0.000,0.000,0.000,0.000,0.000,0.000,0.000,0.000,0.000,0.000,0.000,0.000,0.000,0.001,0.002,0.006,0.001,0.001,0.000,0.000,0.000,0.000,0.000,0.000,0.001,0.000,0.000,0.000,0.000,0.000,0.000,0.000,0.000,0.000,0.000,0.000,0.000,0.000,0.000,0.000,0.000,0.000,0.000,0.000,0.000,0.001,,0.000,0.000,0.000,,0.021,0.000,0.002,
EU,Sector,Manufacture of durable goods,0.037,0.016,0.024,0.045,0.054,0.051,0.012,0.016,0.009,0.014,0.028,0.030,0.033,0.037,0.015,0.009,0.019,0.016,0.035,0.031,0.040,0.046,0.033,0.026,0.026,0.060,0.059,0.258,0.062,0.081,0.038,0.029,0.028,0.044,0.053,0.088,0.003,0.048,0.018,0.006,0.008,0.017,0.012,0.004,0.029,0.030,0.024,0.004,0.019,0.029,0.027,0.031,0.031,0.008,0.002,0.000,0.002,0.004,0.003,0.004,0.001,0.001,0.001,0.001,0.002,0.004,0.001,0.015,0.001,0.000,0.001,0.004,0.002,0.002,0.002,0.008,0.002,0.002,0.007,0.002,0.005,0.016,0.003,0.005,0.003,0.002,0.001,0.004,0.002,0.004,0.000,0.004,0.002,0.001,0.001,0.003,0.001,0.000,0.002,0.002,0.003,0.001,0.002,0.003,0.003,0.003,0.002,0.002,0.040,0.004,0.213,,0.005,0.000,0.029,,0.288,0.023,0.046,
EU,Sector,Manufacture of furniture; manufacturing n.e.c. (36),0.002,0.001,0.003,0.007,0.001,0.003,0.001,0.002,0.001,0.003,0.007,0.011,0.003,0.002,0.002,0.000,0.001,0.001,0.002,0.002,0.002,0.002,0.004,0.001,0.001,0.002,0.003,0.003,0.048,0.003,0.003,0.002,0.003,0.001,0.002,0.004,0.000,0.002,0.002,0.001,0.003,0.002,0.001,0.001,0.003,0.001,0.002,0.001,0.002,0.002,0.002,0.004,0.004,0.002,0.000,0.000,0.000,0.000,0.000,0.000,0.000,0.000,0.000,0.000,0.000,0.000,0.000,0.000,0.000,0.000,0.000,0.000,0.000,0.000,0.000,0.000,0.000,0.000,0.000,0.000,0.000,0.000,0.001,0.000,0.000,0.000,0.000,0.000,0.000,0.000,0.000,0.000,0.000,0.000,0.000,0.000,0.000,0.000,0.000,0.000,0.000,0.000,0.000,0.000,0.000,0.000,0.000,0.000,0.010,0.001,0.016,,0.001,0.000,0.000,,0.012,0.002,0.003,
EU,Sector,Recycling,0.000,0.000,0.000,0.000,0.000,0.001,0.000,0.000,0.000,0.001,0.001,0.000,0.006,0.018,0.001,0.000,0.001,0.001,0.001,0.003,0.012,0.018,0.001,0.001,0.001,0.026,0.056,0.001,0.001,0.064,0.001,0.001,0.002,0.000,0.001,0.001,0.000,0.000,0.000,0.000,0.000,0.000,0.000,0.000,0.001,0.000,0.000,0.000,0.000,0.012,0.009,0.006,0.002,0.000,0.000,0.000,0.000,0.000,0.000,0.000,0.000,0.000,0.000,0.000,0.000,0.000,0.000,0.000,0.000,0.000,0.000,0.000,0.000,0.000,0.000,0.000,0.000,0.000,0.000,0.000,0.000,0.000,0.000,0.000,0.000,0.000,0.000,0.000,0.000,0.000,0.000,0.000,0.000,0.000,0.000,0.000,0.000,0.000,0.000,0.000,0.000,0.000,0.000,0.000,0.000,0.000,0.000,0.000,0.000,0.000,0.001,,0.000,0.000,0.000,,0.006,0.000,0.001,
EU,Sector,Production of electricity by fossil fuels,0.011,0.010,0.002,0.011,0.022,0.020,0.005,0.010,0.004,0.007,0.012,0.009,0.056,0.028,0.007,0.008,0.014,0.008,0.021,0.011,0.007,0.011,0.015,0.019,0.008,0.015,0.039,0.006,0.006,0.008,0.000,0.000,0.104,0.050,0.019,0.003,0.003,0.003,0.003,0.003,0.006,0.003,0.002,0.003,0.002,0.004,0.005,0.004,0.004,0.006,0.010,0.010,0.002,0.005,0.000,0.000,0.000,0.000,0.000,0.000,0.000,0.000,0.000,0.000,0.000,0.000,0.000,0.000,0.000,0.000,0.000,0.000,0.000,0.000,0.000,0.000,0.000,0.000,0.000,0.000,0.000,0.000,0.000,0.000,0.000,0.000,0.000,0.000,0.000,0.000,0.000,0.000,0.000,0.000,0.000,0.000,0.000,0.000,0.000,0.000,0.000,0.000,0.000,0.000,0.000,0.000,0.000,0.000,0.011,0.000,0.003,,0.000,0.000,0.000,,0.029,0.001,0.004,
EU,Sector,Production of electricity by renewable energy,0.002,0.003,0.001,0.004,0.004,0.007,0.001,0.002,0.001,0.002,0.004,0.003,0.021,0.006,0.002,0.001,0.003,0.003,0.003,0.002,0.002,0.004,0.004,0.005,0.003,0.004,0.008,0.001,0.001,0.003,0.000,0.000,0.021,0.023,0.007,0.000,0.001,0.001,0.001,0.001,0.001,0.001,0.001,0.001,0.000,0.001,0.001,0.001,0.001,0.001,0.002,0.002,0.001,0.001,0.000,0.000,0.000,0.000,0.000,0.000,0.000,0.000,0.000,0.000,0.000,0.000,0.000,0.000,0.000,0.000,0.000,0.000,0.000,0.000,0.000,0.000,0.000,0.000,0.000,0.000,0.000,0.000,0.000,0.000,0.000,0.000,0.000,0.000,0.000,0.000,0.000,0.000,0.000,0.000,0.000,0.000,0.000,0.000,0.000,0.000,0.000,0.000,0.000,0.000,0.000,0.000,0.000,0.000,0.002,0.000,0.000,,0.000,0.000,0.000,,0.007,0.000,0.001,
EU,Sector,Transmission & Distribution,0.005,0.005,0.001,0.013,0.010,0.010,0.002,0.005,0.002,0.004,0.007,0.006,0.032,0.016,0.004,0.004,0.007,0.004,0.008,0.006,0.004,0.006,0.008,0.010,0.003,0.008,0.021,0.003,0.004,0.006,0.000,0.001,0.168,0.030,0.025,0.002,0.002,0.004,0.003,0.003,0.007,0.004,0.003,0.004,0.002,0.005,0.006,0.005,0.005,0.006,0.008,0.009,0.002,0.007,0.000,0.000,0.000,0.000,0.000,0.000,0.000,0.000,0.000,0.000,0.000,0.000,0.000,0.000,0.000,0.000,0.000,0.000,0.000,0.000,0.000,0.000,0.000,0.000,0.000,0.000,0.000,0.000,0.000,0.000,0.000,0.000,0.000,0.000,0.000,0.000,0.000,0.000,0.000,0.000,0.000,0.000,0.000,0.000,0.000,0.000,0.000,0.000,0.000,0.000,0.000,0.000,0.000,0.000,0.014,0.000,0.004,,0.000,0.000,0.000,,0.028,0.002,0.004,
EU,Sector,Manufacture of gas; distribution of gaseous fuels through mains,0.004,0.003,0.002,0.003,0.006,0.008,0.004,0.007,0.005,0.006,0.005,0.006,0.014,0.017,0.004,0.004,0.010,0.005,0.014,0.005,0.011,0.019,0.020,0.019,0.010,0.007,0.016,0.003,0.002,0.005,0.165,0.149,0.060,0.012,0.090,0.001,0.003,0.001,0.002,0.001,0.003,0.001,0.002,0.001,0.001,0.003,0.003,0.003,0.003,0.006,0.008,0.010,0.002,0.004,0.000,0.000,0.000,0.000,0.000,0.000,0.000,0.000,0.000,0.000,0.000,0.000,0.000,0.000,0.000,0.000,0.000,0.000,0.000,0.000,0.000,0.000,0.000,0.000,0.000,0.000,0.000,0.000,0.000,0.000,0.000,0.000,0.000,0.000,0.000,0.000,0.000,0.000,0.000,0.000,0.000,0.000,0.000,0.000,0.000,0.000,0.000,0.000,0.000,0.000,0.000,0.000,0.000,0.000,0.003,0.000,0.002,,0.000,0.000,0.000,,0.026,0.000,0.003,
EU,Sector,Water,0.007,0.004,0.001,0.003,0.003,0.004,0.001,0.002,0.001,0.002,0.001,0.001,0.007,0.007,0.001,0.002,0.003,0.003,0.004,0.001,0.002,0.002,0.002,0.002,0.001,0.003,0.003,0.001,0.001,0.009,0.003,0.003,0.021,0.005,0.040,0.001,0.001,0.001,0.001,0.001,0.003,0.001,0.001,0.003,0.001,0.002,0.003,0.003,0.003,0.008,0.010,0.009,0.010,0.002,0.000,0.000,0.000,0.000,0.000,0.000,0.000,0.000,0.000,0.000,0.000,0.000,0.000,0.000,0.000,0.000,0.000,0.000,0.000,0.000,0.000,0.000,0.000,0.000,0.000,0.000,0.000,0.000,0.000,0.000,0.000,0.000,0.000,0.000,0.000,0.000,0.000,0.000,0.000,0.000,0.000,0.000,0.000,0.000,0.000,0.000,0.000,0.000,0.000,0.000,0.000,0.000,0.000,0.000,0.007,0.000,0.002,,0.000,0.000,0.000,,0.010,0.001,0.002,
EU,Sector,Construction (45),0.014,0.003,0.009,0.005,0.010,0.012,0.002,0.005,0.003,0.006,0.007,0.008,0.009,0.010,0.004,0.002,0.005,0.004,0.009,0.005,0.007,0.005,0.009,0.012,0.011,0.006,0.005,0.005,0.006,0.009,0.016,0.020,0.023,0.004,0.020,0.153,0.002,0.003,0.008,0.002,0.007,0.004,0.007,0.011,0.007,0.013,0.021,0.015,0.009,0.030,0.027,0.021,0.016,0.009,0.000,0.000,0.000,0.000,0.000,0.000,0.000,0.000,0.000,0.000,0.000,0.000,0.000,0.000,0.000,0.000,0.000,0.000,0.000,0.000,0.000,0.000,0.000,0.000,0.000,0.000,0.000,0.000,0.000,0.000,0.000,0.000,0.000,0.000,0.000,0.000,0.000,0.000,0.000,0.000,0.000,0.000,0.000,0.000,0.000,0.000,0.000,0.000,0.000,0.000,0.000,0.000,0.000,0.000,0.006,0.001,0.459,,0.000,0.000,0.001,,0.081,0.022,0.028,
EU,Sector,Re-processing of secondary construction material into aggregates,0.000,0.000,0.000,0.000,0.000,0.000,0.000,0.000,0.000,0.000,0.000,0.000,0.000,0.000,0.000,0.000,0.000,0.000,0.000,0.000,0.000,0.000,0.000,0.000,0.000,0.000,0.000,0.000,0.000,0.000,0.000,0.000,0.000,0.000,0.000,0.000,0.000,0.000,0.000,0.000,0.000,0.000,0.000,0.000,0.000,0.000,0.000,0.000,0.000,0.000,0.000,0.000,0.000,0.000,0.000,0.000,0.000,0.000,0.000,0.000,0.000,0.000,0.000,0.000,0.000,0.000,0.000,0.000,0.000,0.000,0.000,0.000,0.000,0.000,0.000,0.000,0.000,0.000,0.000,0.000,0.000,0.000,0.000,0.000,0.000,0.000,0.000,0.000,0.000,0.000,0.000,0.000,0.000,0.000,0.000,0.000,0.000,0.000,0.000,0.000,0.000,0.000,0.000,0.000,0.000,0.000,0.000,0.000,0.000,0.000,0.001,,0.000,0.000,0.000,,0.000,0.000,0.000,
EU,Sector,"Sale, maintenance, repair of motor vehicles, motor vehicles parts, motorcycles, motor cycles parts and accessoiries",0.005,0.009,0.006,0.007,0.004,0.006,0.007,0.005,0.004,0.006,0.005,0.007,0.006,0.006,0.004,0.003,0.003,0.005,0.005,0.004,0.008,0.009,0.006,0.006,0.007,0.005,0.005,0.004,0.004,0.006,0.003,0.004,0.002,0.002,0.004,0.003,0.006,0.014,0.006,0.002,0.002,0.011,0.002,0.000,0.021,0.002,0.003,0.001,0.002,0.011,0.013,0.010,0.009,0.003,0.000,0.000,0.000,0.000,0.000,0.000,0.000,0.000,0.000,0.000,0.000,0.000,0.000,0.000,0.000,0.000,0.000,0.000,0.000,0.000,0.000,0.000,0.000,0.000,0.000,0.000,0.000,0.000,0.000,0.000,0.000,0.000,0.000,0.002,0.000,0.000,0.000,0.000,0.000,0.000,0.000,0.000,0.000,0.000,0.000,0.000,0.000,0.000,0.000,0.000,0.000,0.000,0.000,0.000,0.029,0.001,0.003,,0.000,0.000,0.000,,0.018,0.004,0.005,
EU,Sector,Retail sale of automotive fuel,0.003,0.002,0.003,0.001,0.000,0.002,0.001,0.001,0.001,0.001,0.001,0.001,0.001,0.001,0.001,0.000,0.001,0.001,0.001,0.001,0.001,0.001,0.002,0.001,0.001,0.001,0.001,0.001,0.001,0.005,0.000,0.001,0.000,0.000,0.002,0.001,0.001,0.001,0.001,0.001,0.001,0.001,0.001,0.000,0.001,0.001,0.000,0.000,0.000,0.001,0.002,0.003,0.002,0.000,0.000,0.000,0.000,0.000,0.000,0.000,0.000,0.000,0.000,0.000,0.000,0.000,0.000,0.000,0.000,0.000,0.000,0.000,0.000,0.000,0.000,0.000,0.000,0.000,0.000,0.000,0.000,0.000,0.000,0.000,0.000,0.000,0.000,0.000,0.000,0.000,0.000,0.000,0.000,0.000,0.000,0.000,0.000,0.000,0.000,0.000,0.000,0.000,0.000,0.000,0.000,0.000,0.000,0.000,0.002,0.000,0.001,,0.000,0.000,0.000,,0.003,0.000,0.001,
EU,Sector,Retail & Wholesale trade,0.034,0.070,0.033,0.054,0.022,0.046,0.074,0.066,0.091,0.085,0.060,0.074,0.043,0.076,0.051,0.029,0.054,0.056,0.082,0.054,0.073,0.089,0.066,0.060,0.074,0.056,0.051,0.044,0.064,0.081,0.020,0.016,0.013,0.033,0.027,0.025,0.019,0.023,0.026,0.077,0.023,0.023,0.022,0.007,0.026,0.023,0.016,0.007,0.014,0.038,0.034,0.028,0.032,0.015,0.001,0.001,0.001,0.001,0.000,0.002,0.001,0.001,0.002,0.001,0.001,0.001,0.003,0.002,0.001,0.000,0.002,0.002,0.001,0.001,0.002,0.003,0.002,0.001,0.003,0.001,0.001,0.001,0.001,0.004,0.001,0.002,0.000,0.001,0.001,0.000,0.001,0.000,0.003,0.001,0.001,0.001,0.001,0.000,0.001,0.001,0.000,0.000,0.001,0.000,0.000,0.000,0.002,0.001,0.030,0.008,0.025,,0.001,0.000,0.001,,0.152,0.006,0.018,
EU,Sector,Leisure Services,0.001,0.001,0.002,0.002,0.004,0.006,0.003,0.004,0.005,0.004,0.002,0.004,0.003,0.004,0.012,0.001,0.004,0.004,0.008,0.003,0.003,0.004,0.004,0.003,0.002,0.002,0.002,0.003,0.003,0.002,0.003,0.002,0.003,0.005,0.002,0.004,0.008,0.004,0.005,0.003,0.038,0.009,0.014,0.002,0.009,0.013,0.012,0.006,0.010,0.004,0.004,0.005,0.005,0.023,0.000,0.000,0.000,0.000,0.000,0.000,0.000,0.000,0.000,0.000,0.000,0.000,0.001,0.000,0.000,0.000,0.000,0.000,0.000,0.000,0.000,0.000,0.001,0.001,0.000,0.000,0.000,0.000,0.000,0.002,0.000,0.000,0.000,0.001,0.000,0.000,0.000,0.000,0.000,0.000,0.001,0.001,0.001,0.000,0.000,0.001,0.001,0.001,0.001,0.000,0.000,0.000,0.001,0.002,0.113,0.024,0.007,,0.004,0.000,0.000,,0.046,0.017,0.019,
EU,Sector,Transport,0.017,0.019,0.020,0.051,0.050,0.083,0.047,0.048,0.023,0.036,0.066,0.045,0.126,0.110,0.037,0.033,0.045,0.038,0.040,0.032,0.034,0.043,0.060,0.087,0.086,0.044,0.052,0.026,0.036,0.061,0.040,0.021,0.018,0.078,0.017,0.016,0.022,0.024,0.076,0.065,0.015,0.249,0.017,0.003,0.037,0.023,0.022,0.020,0.009,0.018,0.018,0.024,0.027,0.020,0.000,0.000,0.000,0.000,0.001,0.001,0.001,0.000,0.001,0.000,0.001,0.001,0.002,0.007,0.000,0.001,0.001,0.001,0.001,0.000,0.001,0.001,0.001,0.001,0.002,0.002,0.001,0.001,0.000,0.001,0.000,0.000,0.000,0.001,0.000,0.001,0.000,0.001,0.005,0.001,0.001,0.005,0.001,0.000,0.001,0.001,0.001,0.001,0.000,0.001,0.001,0.000,0.001,0.000,0.067,0.032,0.006,,0.002,0.000,0.000,,0.195,0.010,0.026,
EU,Sector,KIBS,0.058,0.045,0.038,0.058,0.054,0.060,0.062,0.085,0.082,0.066,0.041,0.054,0.063,0.103,0.097,0.037,0.090,0.078,0.083,0.052,0.060,0.085,0.060,0.061,0.071,0.043,0.052,0.062,0.062,0.089,0.061,0.058,0.048,0.103,0.075,0.075,0.014,0.049,0.166,0.060,0.063,0.051,0.270,0.119,0.124,0.152,0.096,0.039,0.060,0.136,0.118,0.111,0.104,0.085,0.000,0.000,0.000,0.001,0.001,0.001,0.000,0.001,0.001,0.003,0.001,0.001,0.001,0.003,0.001,0.001,0.001,0.003,0.002,0.001,0.001,0.003,0.001,0.001,0.003,0.001,0.001,0.001,0.001,0.001,0.001,0.001,0.000,0.001,0.001,0.002,0.000,0.001,0.006,0.002,0.001,0.002,0.006,0.002,0.004,0.003,0.003,0.001,0.002,0.002,0.002,0.004,0.001,0.002,0.101,0.009,0.105,,0.001,0.000,0.002,,0.471,0.018,0.058,
EU,Sector,Real estate activities (70),0.003,0.003,0.003,0.003,0.002,0.006,0.006,0.006,0.006,0.010,0.007,0.011,0.006,0.010,0.010,0.001,0.002,0.004,0.009,0.006,0.009,0.014,0.007,0.008,0.008,0.005,0.004,0.007,0.009,0.009,0.004,0.005,0.005,0.007,0.005,0.015,0.001,0.013,0.035,0.019,0.019,0.006,0.025,0.024,0.019,0.024,0.018,0.009,0.014,0.010,0.009,0.009,0.007,0.018,0.000,0.000,0.000,0.000,0.000,0.000,0.000,0.000,0.000,0.000,0.000,0.000,0.000,0.000,0.000,0.000,0.000,0.000,0.000,0.000,0.000,0.000,0.000,0.000,0.000,0.000,0.000,0.000,0.000,0.000,0.000,0.000,0.000,0.000,0.000,0.000,0.000,0.000,0.001,0.000,0.000,0.000,0.000,0.000,0.000,0.000,0.000,0.000,0.000,0.000,0.000,0.000,0.000,0.000,0.170,0.010,0.019,,0.001,0.000,0.000,,0.061,0.022,0.025,
EU,Sector,Renting of machinery and equipment without operator and of personal and household goods (71),0.006,0.010,0.004,0.004,0.006,0.008,0.004,0.005,0.002,0.006,0.005,0.005,0.004,0.009,0.009,0.002,0.006,0.009,0.031,0.005,0.002,0.003,0.008,0.008,0.007,0.003,0.003,0.005,0.005,0.007,0.006,0.004,0.005,0.009,0.007,0.010,0.005,0.003,0.004,0.005,0.007,0.011,0.010,0.001,0.073,0.014,0.005,0.003,0.005,0.018,0.016,0.012,0.008,0.007,0.000,0.000,0.000,0.000,0.000,0.000,0.000,0.000,0.000,0.000,0.000,0.000,0.000,0.000,0.000,0.000,0.000,0.000,0.000,0.000,0.000,0.000,0.000,0.000,0.000,0.000,0.000,0.000,0.000,0.000,0.000,0.000,0.000,0.000,0.000,0.000,0.000,0.000,0.000,0.000,0.000,0.000,0.000,0.000,0.001,0.000,0.000,0.000,0.000,0.000,0.000,0.000,0.000,0.000,0.003,0.000,0.002,,0.000,0.000,0.000,,0.033,0.001,0.003,
EU,Sector,Research and development (73),0.001,0.001,0.001,0.001,0.002,0.002,0.001,0.001,0.002,0.003,0.001,0.001,0.003,0.003,0.002,0.001,0.009,0.007,0.054,0.005,0.000,0.001,0.005,0.003,0.002,0.002,0.002,0.009,0.004,0.002,0.001,0.001,0.001,0.001,0.001,0.001,0.000,0.000,0.000,0.001,0.000,0.000,0.002,0.000,0.001,0.043,0.008,0.002,0.001,0.001,0.001,0.002,0.002,0.001,0.000,0.000,0.000,0.000,0.000,0.000,0.000,0.000,0.000,0.000,0.000,0.000,0.000,0.000,0.000,0.000,0.000,0.000,0.001,0.000,0.000,0.000,0.000,0.000,0.000,0.000,0.000,0.000,0.000,0.000,0.000,0.000,0.000,0.000,0.000,0.000,0.000,0.000,0.000,0.000,0.000,0.000,0.000,0.000,0.000,0.001,0.001,0.000,0.000,0.000,0.000,0.000,0.000,0.000,0.003,0.013,0.001,,0.000,0.000,0.000,,0.016,0.001,0.002,
EU,Sector,Public administration and defence; compulsory social security (75),0.002,0.002,0.005,0.003,0.003,0.003,0.002,0.003,0.003,0.002,0.004,0.002,0.006,0.007,0.003,0.002,0.004,0.003,0.006,0.002,0.006,0.010,0.002,0.002,0.002,0.005,0.004,0.002,0.002,0.005,0.004,0.005,0.004,0.033,0.006,0.003,0.000,0.001,0.003,0.001,0.002,0.003,0.004,0.003,0.003,0.005,0.010,0.005,0.002,0.015,0.016,0.013,0.012,0.003,0.000,0.000,0.000,0.000,0.000,0.000,0.000,0.000,0.000,0.000,0.000,0.000,0.000,0.000,0.000,0.000,0.000,0.000,0.000,0.000,0.000,0.000,0.000,0.000,0.000,0.000,0.000,0.000,0.000,0.000,0.000,0.000,0.000,0.000,0.000,0.000,0.000,0.000,0.000,0.000,0.000,0.000,0.000,0.000,0.000,0.000,0.000,0.000,0.000,0.000,0.000,0.000,0.000,0.000,0.007,0.338,0.003,,0.000,0.001,0.000,,0.016,0.017,0.016,
EU,Sector,Education (80),0.001,0.001,0.002,0.002,0.001,0.001,0.001,0.001,0.002,0.001,0.001,0.001,0.002,0.002,0.002,0.001,0.002,0.002,0.004,0.001,0.001,0.002,0.001,0.001,0.001,0.001,0.001,0.002,0.001,0.001,0.001,0.001,0.001,0.002,0.001,0.001,0.000,0.001,0.007,0.001,0.002,0.001,0.003,0.001,0.001,0.014,0.005,0.019,0.003,0.001,0.001,0.003,0.003,0.002,0.000,0.000,0.000,0.000,0.000,0.000,0.000,0.000,0.000,0.000,0.000,0.000,0.000,0.000,0.000,0.000,0.000,0.000,0.000,0.000,0.000,0.000,0.000,0.000,0.000,0.000,0.000,0.000,0.000,0.000,0.000,0.000,0.000,0.000,0.000,0.000,0.000,0.000,0.000,0.000,0.000,0.000,0.000,0.000,0.000,0.000,0.000,0.000,0.000,0.000,0.000,0.000,0.000,0.000,0.020,0.192,0.000,,0.000,0.000,0.000,,0.010,0.011,0.011,
EU,Sector,Health and social work (85),0.000,0.000,0.001,0.001,0.000,0.001,0.000,0.001,0.000,0.000,0.000,0.000,0.000,0.001,0.000,0.000,0.001,0.001,0.001,0.000,0.001,0.001,0.000,0.000,0.000,0.000,0.000,0.000,0.000,0.000,0.000,0.000,0.000,0.001,0.001,0.000,0.000,0.001,0.001,0.000,0.001,0.000,0.001,0.000,0.000,0.002,0.003,0.003,0.030,0.000,0.001,0.001,0.001,0.001,0.000,0.000,0.000,0.000,0.000,0.000,0.000,0.000,0.000,0.000,0.000,0.000,0.000,0.000,0.000,0.000,0.000,0.000,0.000,0.000,0.000,0.000,0.000,0.000,0.000,0.000,0.000,0.000,0.000,0.000,0.000,0.000,0.000,0.000,0.000,0.000,0.000,0.000,0.000,0.000,0.000,0.000,0.000,0.000,0.000,0.000,0.000,0.000,0.000,0.000,0.000,0.000,0.000,0.000,0.057,0.281,0.001,,0.000,0.000,0.000,,0.009,0.020,0.019,
EU,Sector,Incineration of Waste,0.002,0.003,0.000,0.000,0.002,0.003,0.001,0.002,0.000,0.002,0.003,0.003,0.011,0.016,0.001,0.002,0.007,0.004,0.001,0.001,0.001,0.002,0.003,0.003,0.003,0.010,0.006,0.001,0.001,0.007,0.002,0.002,0.002,0.001,0.005,0.001,0.000,0.001,0.000,0.001,0.001,0.001,0.001,0.002,0.000,0.001,0.004,0.001,0.001,0.057,0.059,0.046,0.051,0.001,0.000,0.000,0.000,0.000,0.000,0.000,0.000,0.000,0.000,0.000,0.000,0.000,0.000,0.000,0.000,0.000,0.000,0.000,0.000,0.000,0.000,0.000,0.000,0.000,0.000,0.000,0.000,0.000,0.000,0.000,0.000,0.000,0.000,0.000,0.000,0.000,0.000,0.000,0.000,0.000,0.000,0.000,0.000,0.000,0.000,0.000,0.000,0.000,0.000,0.000,0.001,0.000,0.000,0.000,0.004,0.001,0.000,,0.000,0.000,0.000,,0.009,0.001,0.001,
EU,Sector,Biogas & Composting,0.001,0.001,0.000,0.000,0.001,0.001,0.000,0.001,0.000,0.001,0.001,0.001,0.004,0.007,0.000,0.001,0.002,0.002,0.000,0.001,0.001,0.001,0.001,0.001,0.001,0.003,0.002,0.000,0.000,0.002,0.001,0.001,0.001,0.001,0.002,0.000,0.000,0.001,0.000,0.000,0.000,0.000,0.000,0.001,0.000,0.000,0.002,0.000,0.000,0.023,0.036,0.021,0.026,0.000,0.000,0.000,0.000,0.000,0.000,0.000,0.000,0.000,0.000,0.000,0.000,0.000,0.000,0.000,0.000,0.000,0.000,0.000,0.000,0.000,0.000,0.000,0.000,0.000,0.000,0.000,0.000,0.000,0.000,0.000,0.000,0.000,0.000,0.000,0.000,0.000,0.000,0.000,0.000,0.000,0.000,0.000,0.000,0.000,0.000,0.000,0.000,0.000,0.000,0.000,0.000,0.000,0.000,0.000,0.001,0.001,0.000,,0.000,0.000,0.000,,0.003,0.000,0.000,
EU,Sector,Waste water,0.000,0.000,0.000,0.000,0.000,0.000,0.000,0.000,0.000,0.000,0.000,0.001,0.002,0.003,0.000,0.000,0.001,0.001,0.000,0.000,0.000,0.001,0.001,0.001,0.001,0.002,0.001,0.000,0.000,0.001,0.000,0.000,0.000,0.000,0.002,0.001,0.000,0.000,0.000,0.000,0.000,0.000,0.000,0.000,0.000,0.000,0.001,0.000,0.000,0.009,0.011,0.012,0.017,0.000,0.000,0.000,0.000,0.000,0.000,0.000,0.000,0.000,0.000,0.000,0.000,0.000,0.000,0.000,0.000,0.000,0.000,0.000,0.000,0.000,0.000,0.000,0.000,0.000,0.000,0.000,0.000,0.000,0.000,0.000,0.000,0.000,0.000,0.000,0.000,0.000,0.000,0.000,0.000,0.000,0.000,0.000,0.000,0.000,0.000,0.000,0.000,0.000,0.000,0.000,0.000,0.000,0.000,0.000,0.001,0.000,0.000,,0.000,0.000,0.000,,0.002,0.000,0.000,
EU,Sector,Landfill of Waste,0.001,0.000,0.000,0.001,0.001,0.001,0.000,0.001,0.001,0.001,0.001,0.001,0.004,0.004,0.001,0.001,0.002,0.002,0.000,0.001,0.001,0.001,0.001,0.001,0.002,0.005,0.004,0.000,0.000,0.003,0.001,0.001,0.001,0.001,0.004,0.001,0.000,0.001,0.000,0.001,0.001,0.000,0.000,0.001,0.000,0.001,0.002,0.000,0.000,0.024,0.032,0.036,0.055,0.001,0.000,0.000,0.000,0.000,0.000,0.000,0.000,0.000,0.000,0.000,0.000,0.000,0.000,0.000,0.000,0.000,0.000,0.000,0.000,0.000,0.000,0.000,0.000,0.000,0.000,0.000,0.000,0.000,0.000,0.000,0.000,0.000,0.000,0.000,0.000,0.000,0.000,0.000,0.000,0.000,0.000,0.000,0.000,0.000,0.000,0.000,0.000,0.000,0.000,0.000,0.000,0.000,0.000,0.000,0.001,0.001,0.000,,0.000,0.000,0.000,,0.005,0.000,0.001,
EU,Sector,Other Services,0.006,0.001,0.011,0.002,0.009,0.005,0.001,0.003,0.020,0.004,0.003,0.001,0.002,0.001,0.002,0.001,0.001,0.001,0.009,0.001,0.002,0.001,0.002,0.001,0.002,0.001,0.001,0.001,0.002,0.001,0.001,0.001,0.001,0.002,0.003,0.001,0.002,0.001,0.001,0.000,0.002,0.001,0.002,0.001,0.003,0.002,0.001,0.001,0.003,0.005,0.004,0.004,0.002,0.023,0.000,0.000,0.000,0.000,0.000,0.000,0.000,0.000,0.000,0.000,0.000,0.000,0.000,0.000,0.000,0.000,0.000,0.000,0.000,0.000,0.000,0.000,0.000,0.000,0.000,0.000,0.000,0.000,0.000,0.000,0.000,0.000,0.000,0.000,0.000,0.000,0.000,0.000,0.000,0.000,0.000,0.000,0.000,0.000,0.000,0.000,0.000,0.000,0.000,0.000,0.000,0.000,0.000,0.000,0.049,0.002,0.000,,0.002,0.000,0.000,,0.009,0.007,0.007,
RoW,Sector,Agriculture,0.005,0.031,0.010,0.001,0.000,0.000,0.007,0.022,0.096,0.004,0.000,0.001,0.000,0.001,0.000,0.001,0.001,0.002,0.001,0.000,0.000,0.000,0.000,0.000,0.000,0.001,0.001,0.000,0.000,0.000,0.000,0.001,0.000,0.000,0.000,0.000,0.000,0.000,0.000,0.000,0.001,0.000,0.000,0.000,0.000,0.000,0.000,0.000,0.001,0.000,0.000,0.000,0.000,0.000,0.087,0.080,0.024,0.003,0.002,0.002,0.055,0.231,0.175,0.026,0.019,0.001,0.034,0.000,0.007,0.001,0.054,0.002,0.025,0.002,0.001,0.000,0.002,0.001,0.000,0.001,0.000,0.000,0.001,0.006,0.001,0.002,0.001,0.005,0.002,0.004,0.000,0.001,0.017,0.001,0.015,0.001,0.001,0.001,0.002,0.003,0.001,0.002,0.004,0.001,0.000,0.001,0.004,0.005,0.005,0.000,0.001,,0.028,0.002,0.003,,0.225,0.014,0.032,
RoW,Sector,Animal Farming,0.001,0.001,0.000,0.000,0.000,0.000,0.001,0.001,0.002,0.000,0.000,0.000,0.000,0.000,0.000,0.001,0.000,0.001,0.001,0.000,0.000,0.000,0.000,0.000,0.000,0.000,0.000,0.000,0.000,0.000,0.000,0.000,0.000,0.000,0.000,0.000,0.000,0.000,0.000,0.000,0.000,0.000,0.000,0.000,0.000,0.000,0.000,0.000,0.000,0.000,0.000,0.000,0.000,0.000,0.001,0.133,0.004,0.004,0.001,0.002,0.245,0.025,0.004,0.011,0.001,0.000,0.003,0.000,0.001,0.001,0.001,0.000,0.007,0.002,0.001,0.000,0.001,0.001,0.000,0.001,0.000,0.000,0.007,0.006,0.001,0.001,0.001,0.003,0.002,0.001,0.000,0.000,0.011,0.001,0.010,0.004,0.000,0.000,0.002,0.003,0.001,0.002,0.001,0.001,0.001,0.004,0.003,0.002,0.000,0.000,0.000,,0.008,0.001,0.008,,0.129,0.006,0.016,
RoW,Sector,"Forestry, logging and related service activities (02)",0.000,0.000,0.004,0.000,0.000,0.000,0.000,0.000,0.000,0.000,0.004,0.000,0.005,0.000,0.001,0.000,0.000,0.000,0.000,0.000,0.000,0.000,0.000,0.000,0.000,0.000,0.000,0.000,0.000,0.000,0.000,0.000,0.000,0.000,0.000,0.000,0.000,0.000,0.000,0.000,0.000,0.000,0.000,0.000,0.000,0.000,0.000,0.000,0.000,0.000,0.000,0.000,0.000,0.000,0.001,0.000,0.106,0.000,0.001,0.000,0.001,0.002,0.002,0.001,0.201,0.002,0.063,0.001,0.022,0.000,0.000,0.000,0.004,0.011,0.000,0.001,0.000,0.000,0.000,0.000,0.000,0.000,0.005,0.002,0.000,0.000,0.000,0.000,0.000,0.003,0.000,0.000,0.000,0.000,0.000,0.000,0.000,0.000,0.000,0.001,0.000,0.000,0.000,0.000,0.000,0.000,0.000,0.000,0.000,0.000,0.000,,0.002,0.000,0.001,,0.034,0.001,0.004,
RoW,Sector,"Fishing, operating of fish hatcheries and fish farms; service activities incidental to fishing (05)",0.000,0.000,0.000,0.005,0.000,0.000,0.002,0.002,0.000,0.000,0.000,0.000,0.000,0.000,0.000,0.000,0.000,0.000,0.000,0.000,0.000,0.000,0.000,0.000,0.000,0.000,0.000,0.000,0.000,0.000,0.000,0.000,0.000,0.000,0.000,0.000,0.000,0.000,0.000,0.000,0.000,0.000,0.000,0.000,0.000,0.000,0.000,0.000,0.000,0.000,0.000,0.000,0.000,0.000,0.000,0.001,0.000,0.021,0.000,0.000,0.150,0.002,0.000,0.000,0.000,0.000,0.000,0.000,0.000,0.000,0.000,0.000,0.001,0.000,0.000,0.000,0.000,0.000,0.000,0.000,0.000,0.000,0.000,0.000,0.000,0.000,0.000,0.000,0.000,0.000,0.000,0.000,0.002,0.000,0.005,0.000,0.000,0.000,0.000,0.000,0.000,0.000,0.001,0.000,0.000,0.000,0.000,0.000,0.001,0.000,0.000,,0.002,0.000,0.000,,0.047,0.001,0.005,
RoW,Sector,Extraction of Fossil-Fuels,0.002,0.001,0.000,0.001,0.091,0.003,0.001,0.001,0.001,0.008,0.008,0.005,0.008,0.002,0.001,0.542,0.011,0.004,0.037,0.005,0.011,0.002,0.007,0.005,0.002,0.009,0.002,0.001,0.009,0.001,0.082,0.007,0.001,0.066,0.019,0.000,0.000,0.000,0.000,0.001,0.000,0.001,0.000,0.000,0.000,0.001,0.001,0.000,0.001,0.000,0.000,0.001,0.001,0.000,0.002,0.001,0.001,0.001,0.084,0.011,0.001,0.001,0.002,0.010,0.012,0.022,0.020,0.004,0.003,0.595,0.088,0.005,0.041,0.016,0.005,0.005,0.034,0.112,0.024,0.018,0.003,0.002,0.014,0.002,0.178,0.003,0.001,0.120,0.010,0.003,0.004,0.001,0.005,0.001,0.001,0.005,0.001,0.001,0.001,0.004,0.002,0.002,0.002,0.001,0.002,0.002,0.002,0.002,0.000,0.000,0.009,,0.003,0.000,0.020,,0.419,0.006,0.042,
RoW,Sector,Mining & Quarrying of raw materials,0.001,0.001,0.000,0.001,0.000,0.006,0.001,0.001,0.000,0.000,0.000,0.000,0.001,0.002,0.000,0.001,0.003,0.004,0.006,0.001,0.010,0.001,0.011,0.003,0.006,0.045,0.006,0.000,0.003,0.001,0.000,0.000,0.000,0.000,0.000,0.000,0.000,0.000,0.000,0.000,0.000,0.000,0.000,0.000,0.000,0.000,0.000,0.000,0.000,0.000,0.000,0.000,0.000,0.000,0.001,0.002,0.002,0.002,0.002,0.087,0.002,0.001,0.002,0.001,0.002,0.000,0.007,0.002,0.002,0.002,0.005,0.005,0.027,0.008,0.051,0.003,0.065,0.076,0.026,0.127,0.019,0.002,0.006,0.008,0.002,0.003,0.002,0.004,0.004,0.017,0.000,0.000,0.008,0.001,0.001,0.001,0.001,0.001,0.001,0.002,0.001,0.001,0.001,0.001,0.002,0.002,0.005,0.002,0.000,0.000,0.001,,0.001,0.000,0.004,,0.149,0.001,0.014,
RoW,Sector,Processing of meat,0.000,0.004,0.000,0.002,0.000,0.000,0.012,0.016,0.000,0.001,0.000,0.000,0.000,0.001,0.000,0.000,0.001,0.002,0.001,0.000,0.000,0.000,0.001,0.000,0.000,0.000,0.000,0.000,0.000,0.001,0.000,0.000,0.000,0.000,0.000,0.000,0.000,0.000,0.000,0.000,0.002,0.000,0.000,0.000,0.000,0.000,0.000,0.000,0.001,0.000,0.000,0.000,0.000,0.000,0.001,0.020,0.001,0.011,0.000,0.002,0.102,0.038,0.002,0.015,0.001,0.000,0.002,0.002,0.001,0.001,0.003,0.004,0.012,0.000,0.001,0.001,0.002,0.001,0.005,0.000,0.000,0.001,0.003,0.008,0.001,0.002,0.000,0.001,0.001,0.000,0.000,0.000,0.006,0.001,0.023,0.001,0.000,0.000,0.003,0.002,0.003,0.004,0.009,0.001,0.001,0.001,0.000,0.003,0.001,0.000,0.000,,0.032,0.001,0.002,,0.099,0.015,0.022,
RoW,Sector,Processing of other food&beverage,0.000,0.005,0.000,0.001,0.000,0.001,0.004,0.007,0.000,0.000,0.000,0.000,0.000,0.000,0.000,0.000,0.001,0.001,0.002,0.000,0.001,0.000,0.001,0.000,0.001,0.000,0.000,0.000,0.000,0.000,0.000,0.000,0.000,0.000,0.000,0.000,0.000,0.000,0.000,0.000,0.002,0.000,0.000,0.000,0.000,0.000,0.000,0.000,0.000,0.000,0.000,0.000,0.000,0.000,0.001,0.126,0.005,0.012,0.000,0.004,0.024,0.146,0.002,0.003,0.001,0.001,0.002,0.005,0.002,0.000,0.002,0.007,0.007,0.009,0.002,0.003,0.005,0.002,0.021,0.001,0.000,0.000,0.002,0.003,0.001,0.001,0.000,0.000,0.000,0.001,0.000,0.000,0.004,0.001,0.035,0.001,0.000,0.000,0.001,0.004,0.002,0.002,0.007,0.000,0.001,0.001,0.001,0.005,0.003,0.000,0.000,,0.051,0.002,0.003,,0.144,0.024,0.035,
RoW,Sector,Manufacture of tobacco products (16),0.000,0.000,0.000,0.000,0.000,0.000,0.000,0.000,0.001,0.000,0.000,0.000,0.000,0.000,0.000,0.000,0.000,0.000,0.000,0.000,0.000,0.000,0.000,0.000,0.000,0.000,0.000,0.000,0.000,0.000,0.000,0.000,0.000,0.000,0.000,0.000,0.000,0.000,0.000,0.000,0.000,0.000,0.000,0.000,0.000,0.000,0.000,0.000,0.000,0.000,0.000,0.000,0.000,0.000,0.000,0.000,0.000,0.000,0.000,0.000,0.000,0.000,0.041,0.000,0.000,0.000,0.000,0.000,0.000,0.000,0.000,0.000,0.000,0.000,0.000,0.000,0.000,0.000,0.000,0.001,0.000,0.000,0.000,0.000,0.000,0.000,0.000,0.000,0.000,0.000,0.000,0.000,0.000,0.000,0.000,0.000,0.000,0.000,0.000,0.000,0.000,0.000,0.000,0.000,0.000,0.000,0.000,0.000,0.000,0.000,0.000,,0.006,0.000,0.000,,0.003,0.003,0.003,
RoW,Sector,Manufacture of textiles,0.001,0.000,0.001,0.004,0.000,0.000,0.000,0.000,0.001,0.049,0.000,0.001,0.001,0.002,0.001,0.000,0.001,0.001,0.002,0.003,0.001,0.001,0.001,0.000,0.000,0.000,0.000,0.001,0.004,0.000,0.000,0.000,0.000,0.000,0.000,0.000,0.000,0.000,0.001,0.000,0.000,0.000,0.000,0.000,0.000,0.000,0.000,0.000,0.001,0.000,0.001,0.001,0.001,0.001,0.002,0.001,0.002,0.005,0.001,0.003,0.001,0.001,0.004,0.354,0.005,0.000,0.002,0.001,0.012,0.000,0.001,0.001,0.009,0.016,0.005,0.008,0.004,0.002,0.001,0.002,0.000,0.004,0.038,0.006,0.002,0.004,0.000,0.002,0.001,0.003,0.000,0.000,0.004,0.001,0.002,0.002,0.001,0.001,0.002,0.021,0.003,0.001,0.005,0.004,0.003,0.005,0.003,0.007,0.010,0.000,0.000,,0.028,0.000,0.003,,0.174,0.014,0.028,
RoW,Sector,"Manufacture of wood and of products of wood and cork, except furniture; manufacture of articles of straw and plaiting materials (20)",0.000,0.000,0.000,0.000,0.000,0.000,0.000,0.000,0.000,0.000,0.014,0.019,0.002,0.000,0.000,0.000,0.000,0.000,0.000,0.000,0.001,0.001,0.001,0.000,0.000,0.000,0.000,0.000,0.004,0.000,0.000,0.000,0.000,0.000,0.000,0.001,0.000,0.000,0.000,0.000,0.000,0.000,0.000,0.000,0.000,0.000,0.000,0.000,0.000,0.000,0.000,0.000,0.000,0.000,0.000,0.000,0.002,0.001,0.000,0.001,0.001,0.001,0.003,0.000,0.137,0.122,0.093,0.002,0.006,0.000,0.000,0.001,0.001,0.001,0.002,0.006,0.002,0.001,0.001,0.001,0.000,0.001,0.025,0.002,0.000,0.001,0.000,0.001,0.000,0.019,0.000,0.000,0.001,0.000,0.001,0.001,0.000,0.001,0.001,0.001,0.001,0.000,0.000,0.000,0.001,0.000,0.000,0.001,0.000,0.000,0.000,,0.001,0.000,0.002,,0.049,0.001,0.005,
RoW,Sector,Re-processing of secondary wood material into new wood material,0.000,0.000,0.000,0.000,0.000,0.000,0.000,0.000,0.000,0.000,0.000,0.001,0.000,0.000,0.000,0.000,0.000,0.000,0.000,0.000,0.000,0.000,0.000,0.000,0.000,0.000,0.000,0.000,0.000,0.000,0.000,0.000,0.000,0.000,0.000,0.000,0.000,0.000,0.000,0.000,0.000,0.000,0.000,0.000,0.000,0.000,0.000,0.000,0.000,0.000,0.000,0.000,0.000,0.000,0.000,0.000,0.000,0.000,0.000,0.000,0.000,0.000,0.000,0.000,0.005,0.072,0.003,0.000,0.000,0.000,0.000,0.000,0.000,0.000,0.000,0.005,0.000,0.000,0.000,0.000,0.000,0.000,0.003,0.000,0.000,0.000,0.000,0.000,0.000,0.001,0.000,0.000,0.000,0.000,0.000,0.000,0.000,0.000,0.000,0.000,0.000,0.000,0.000,0.000,0.000,0.000,0.000,0.000,0.000,0.000,0.000,,0.000,0.000,0.000,,0.003,0.000,0.000,
RoW,Sector,Pulp,0.000,0.000,0.000,0.000,0.000,0.000,0.000,0.000,0.000,0.000,0.000,0.000,0.000,0.000,0.004,0.000,0.000,0.000,0.000,0.000,0.000,0.000,0.000,0.000,0.000,0.000,0.000,0.000,0.000,0.000,0.000,0.000,0.000,0.000,0.000,0.000,0.000,0.000,0.000,0.000,0.000,0.000,0.000,0.000,0.000,0.000,0.000,0.000,0.000,0.000,0.000,0.000,0.000,0.000,0.000,0.000,0.000,0.000,0.000,0.000,0.000,0.000,0.001,0.000,0.000,0.000,0.002,0.001,0.027,0.000,0.001,0.001,0.001,0.000,0.000,0.000,0.000,0.000,0.000,0.000,0.000,0.000,0.000,0.000,0.000,0.000,0.000,0.000,0.000,0.000,0.000,0.000,0.002,0.000,0.000,0.000,0.000,0.000,0.000,0.000,0.000,0.000,0.000,0.000,0.000,0.000,0.001,0.000,0.000,0.000,0.000,,0.000,0.000,0.000,,0.009,0.000,0.001,
RoW,Sector,Re-processing of secondary paper into new pulp,0.000,0.000,0.000,0.000,0.000,0.000,0.000,0.000,0.000,0.000,0.000,0.000,0.000,0.000,0.001,0.000,0.000,0.000,0.000,0.000,0.000,0.000,0.000,0.000,0.000,0.000,0.000,0.000,0.000,0.000,0.000,0.000,0.000,0.000,0.000,0.000,0.000,0.000,0.000,0.000,0.000,0.000,0.000,0.000,0.000,0.000,0.000,0.000,0.000,0.000,0.000,0.000,0.000,0.000,0.000,0.000,0.000,0.000,0.000,0.000,0.000,0.000,0.000,0.000,0.000,0.000,0.000,0.000,0.005,0.000,0.001,0.007,0.000,0.000,0.000,0.000,0.000,0.000,0.000,0.000,0.000,0.000,0.000,0.000,0.000,0.000,0.000,0.000,0.000,0.000,0.000,0.000,0.001,0.000,0.000,0.000,0.000,0.000,0.000,0.000,0.000,0.000,0.000,0.000,0.000,0.000,0.000,0.000,0.000,0.000,0.000,,0.000,0.000,0.000,,0.002,0.000,0.000,
RoW,Sector,Paper,0.000,0.000,0.000,0.000,0.000,0.001,0.001,0.001,0.003,0.001,0.001,0.001,0.002,0.002,0.013,0.000,0.001,0.001,0.001,0.001,0.001,0.002,0.001,0.000,0.000,0.000,0.000,0.000,0.001,0.001,0.000,0.000,0.000,0.000,0.000,0.000,0.000,0.000,0.000,0.000,0.000,0.000,0.001,0.000,0.000,0.001,0.000,0.000,0.000,0.000,0.000,0.000,0.000,0.000,0.002,0.001,0.001,0.001,0.001,0.002,0.013,0.025,0.031,0.010,0.009,0.007,0.004,0.004,0.192,0.001,0.004,0.006,0.013,0.013,0.017,0.013,0.025,0.009,0.005,0.002,0.001,0.006,0.015,0.008,0.003,0.002,0.001,0.002,0.002,0.003,0.001,0.001,0.008,0.004,0.008,0.003,0.014,0.002,0.007,0.017,0.012,0.015,0.011,0.006,0.006,0.012,0.002,0.017,0.001,0.000,0.000,,0.011,0.001,0.002,,0.185,0.006,0.021,
RoW,Sector,Processing of Fossil Fuels,0.004,0.001,0.002,0.006,0.001,0.003,0.001,0.001,0.000,0.001,0.001,0.003,0.003,0.003,0.001,0.022,0.009,0.008,0.007,0.002,0.004,0.002,0.006,0.001,0.002,0.004,0.002,0.000,0.001,0.001,0.007,0.002,0.001,0.003,0.001,0.001,0.000,0.001,0.000,0.001,0.000,0.005,0.000,0.000,0.001,0.001,0.000,0.000,0.001,0.000,0.000,0.001,0.001,0.001,0.017,0.007,0.012,0.020,0.011,0.027,0.003,0.004,0.003,0.006,0.007,0.051,0.025,0.003,0.006,0.056,0.077,0.006,0.055,0.011,0.024,0.005,0.056,0.015,0.012,0.031,0.005,0.004,0.008,0.006,0.039,0.022,0.007,0.027,0.006,0.018,0.000,0.004,0.013,0.003,0.003,0.075,0.003,0.003,0.008,0.009,0.012,0.009,0.004,0.009,0.005,0.013,0.013,0.008,0.004,0.000,0.002,,0.020,0.000,0.003,,0.253,0.010,0.031,
RoW,Sector,"Plastics, basic",0.000,0.000,0.000,0.000,0.000,0.000,0.000,0.000,0.000,0.000,0.000,0.000,0.000,0.000,0.000,0.000,0.001,0.002,0.001,0.005,0.000,0.000,0.000,0.000,0.000,0.000,0.000,0.000,0.000,0.000,0.000,0.000,0.000,0.000,0.000,0.000,0.000,0.000,0.000,0.000,0.000,0.000,0.000,0.000,0.000,0.000,0.000,0.000,0.000,0.000,0.000,0.000,0.000,0.000,0.000,0.000,0.001,0.000,0.001,0.002,0.000,0.000,0.001,0.004,0.001,0.001,0.002,0.012,0.003,0.000,0.035,0.100,0.006,0.128,0.002,0.033,0.002,0.002,0.030,0.001,0.000,0.003,0.003,0.002,0.000,0.002,0.000,0.000,0.001,0.000,0.000,0.000,0.002,0.001,0.000,0.000,0.000,0.000,0.000,0.001,0.000,0.000,0.001,0.000,0.000,0.000,0.002,0.001,0.000,0.002,0.000,,0.000,0.001,0.001,,0.049,0.000,0.005,
RoW,Sector,Re-processing of secondary plastic into new plastic,0.000,0.000,0.000,0.000,0.000,0.000,0.000,0.000,0.000,0.000,0.000,0.000,0.000,0.000,0.000,0.000,0.000,0.000,0.000,0.000,0.000,0.000,0.000,0.000,0.000,0.000,0.000,0.000,0.000,0.000,0.000,0.000,0.000,0.000,0.000,0.000,0.000,0.000,0.000,0.000,0.000,0.000,0.000,0.000,0.000,0.000,0.000,0.000,0.000,0.000,0.000,0.000,0.000,0.000,0.000,0.000,0.000,0.000,0.000,0.000,0.000,0.000,0.000,0.000,0.000,0.000,0.000,0.002,0.000,0.000,0.003,0.019,0.000,0.001,0.000,0.006,0.000,0.000,0.005,0.000,0.000,0.000,0.000,0.000,0.000,0.000,0.000,0.000,0.000,0.000,0.000,0.000,0.000,0.000,0.000,0.000,0.000,0.000,0.000,0.000,0.000,0.000,0.000,0.000,0.000,0.000,0.000,0.000,0.000,0.000,0.000,,0.000,0.000,0.000,,0.001,0.000,0.000,
RoW,Sector,Manufacture of Chemicals,0.026,0.003,0.004,0.021,0.001,0.012,0.005,0.007,0.004,0.019,0.014,0.023,0.034,0.054,0.006,0.010,0.070,0.125,0.063,0.021,0.017,0.024,0.024,0.005,0.006,0.008,0.015,0.003,0.006,0.010,0.005,0.005,0.003,0.003,0.010,0.001,0.000,0.002,0.000,0.001,0.001,0.000,0.001,0.000,0.001,0.012,0.001,0.001,0.017,0.004,0.002,0.009,0.006,0.004,0.050,0.008,0.013,0.005,0.006,0.015,0.004,0.011,0.015,0.063,0.021,0.026,0.053,0.065,0.037,0.015,0.307,0.120,0.278,0.098,0.051,0.028,0.053,0.014,0.006,0.008,0.025,0.011,0.021,0.020,0.007,0.005,0.002,0.007,0.011,0.006,0.000,0.001,0.003,0.001,0.002,0.002,0.002,0.002,0.002,0.021,0.005,0.003,0.088,0.013,0.005,0.025,0.004,0.017,0.001,0.003,0.000,,0.014,0.001,0.002,,0.398,0.007,0.041,
RoW,Sector,Manufacture of rubber and plastic products (25),0.001,0.001,0.000,0.001,0.001,0.001,0.002,0.002,0.001,0.002,0.001,0.002,0.002,0.004,0.001,0.000,0.003,0.002,0.005,0.013,0.003,0.003,0.001,0.002,0.001,0.001,0.000,0.003,0.003,0.001,0.000,0.000,0.000,0.001,0.000,0.003,0.000,0.002,0.000,0.000,0.000,0.000,0.000,0.000,0.000,0.000,0.000,0.000,0.000,0.001,0.001,0.001,0.000,0.000,0.005,0.001,0.002,0.004,0.004,0.010,0.013,0.020,0.004,0.012,0.008,0.009,0.003,0.008,0.022,0.001,0.005,0.008,0.026,0.142,0.018,0.011,0.005,0.010,0.005,0.003,0.003,0.029,0.051,0.004,0.001,0.000,0.001,0.005,0.006,0.020,0.002,0.003,0.002,0.001,0.002,0.004,0.002,0.003,0.003,0.009,0.003,0.001,0.008,0.016,0.003,0.003,0.002,0.007,0.001,0.000,0.000,,0.004,0.000,0.002,,0.200,0.002,0.019,
RoW,Sector,Manufacture of glass and glass products,0.000,0.000,0.000,0.000,0.000,0.001,0.000,0.000,0.000,0.000,0.002,0.001,0.000,0.000,0.000,0.000,0.001,0.001,0.001,0.001,0.015,0.000,0.000,0.000,0.000,0.000,0.000,0.001,0.001,0.000,0.000,0.000,0.000,0.000,0.000,0.000,0.000,0.000,0.000,0.000,0.000,0.000,0.000,0.000,0.000,0.000,0.000,0.000,0.000,0.000,0.000,0.000,0.000,0.000,0.001,0.000,0.000,0.000,0.001,0.004,0.001,0.007,0.000,0.001,0.003,0.002,0.001,0.000,0.000,0.000,0.001,0.001,0.004,0.004,0.224,0.000,0.003,0.001,0.000,0.000,0.000,0.005,0.006,0.000,0.000,0.000,0.000,0.000,0.000,0.012,0.000,0.001,0.000,0.000,0.000,0.000,0.000,0.000,0.000,0.002,0.000,0.001,0.001,0.000,0.000,0.000,0.000,0.000,0.000,0.000,0.000,,0.000,0.000,0.000,,0.051,0.000,0.005,
RoW,Sector,Re-processing of secondary glass into new glass,0.000,0.000,0.000,0.000,0.000,0.000,0.000,0.000,0.000,0.000,0.000,0.000,0.000,0.000,0.000,0.000,0.000,0.000,0.000,0.000,0.001,0.000,0.000,0.000,0.000,0.000,0.000,0.000,0.000,0.000,0.000,0.000,0.000,0.000,0.000,0.000,0.000,0.000,0.000,0.000,0.000,0.000,0.000,0.000,0.000,0.000,0.000,0.000,0.000,0.000,0.000,0.000,0.000,0.000,0.000,0.000,0.000,0.000,0.000,0.000,0.000,0.000,0.000,0.000,0.000,0.000,0.000,0.000,0.000,0.000,0.000,0.000,0.000,0.000,0.001,0.000,0.000,0.000,0.000,0.000,0.000,0.000,0.000,0.000,0.000,0.000,0.000,0.000,0.000,0.000,0.000,0.000,0.000,0.000,0.000,0.000,0.000,0.000,0.000,0.000,0.000,0.000,0.000,0.000,0.000,0.000,0.000,0.000,0.000,0.000,0.000,,0.000,0.000,0.000,,0.000,0.000,0.000,
RoW,Sector,Manufacture of other non-metallic mineral products,0.000,0.000,0.000,0.000,0.000,0.000,0.000,0.000,0.000,0.000,0.000,0.000,0.000,0.000,0.000,0.000,0.000,0.000,0.000,0.000,0.002,0.002,0.005,0.001,0.002,0.001,0.001,0.000,0.000,0.000,0.000,0.000,0.000,0.000,0.000,0.001,0.000,0.000,0.000,0.000,0.000,0.000,0.000,0.000,0.000,0.000,0.000,0.000,0.000,0.000,0.000,0.000,0.000,0.000,0.000,0.000,0.000,0.000,0.001,0.002,0.000,0.000,0.000,0.001,0.002,0.001,0.000,0.001,0.000,0.001,0.001,0.001,0.002,0.000,0.018,0.017,0.071,0.022,0.027,0.011,0.010,0.003,0.002,0.001,0.001,0.001,0.000,0.001,0.001,0.053,0.000,0.000,0.000,0.000,0.001,0.000,0.000,0.000,0.000,0.000,0.000,0.001,0.001,0.002,0.001,0.000,0.001,0.001,0.001,0.000,0.000,,0.001,0.000,0.001,,0.091,0.001,0.009,
RoW,Sector,"Manufacture of cement, lime and plaster",0.000,0.000,0.000,0.000,0.000,0.000,0.000,0.000,0.000,0.000,0.000,0.000,0.000,0.000,0.000,0.000,0.000,0.000,0.000,0.000,0.000,0.000,0.000,0.001,0.001,0.000,0.000,0.000,0.000,0.000,0.000,0.000,0.000,0.000,0.000,0.000,0.000,0.000,0.000,0.000,0.000,0.000,0.000,0.000,0.000,0.000,0.000,0.000,0.000,0.000,0.000,0.000,0.000,0.000,0.000,0.000,0.000,0.000,0.000,0.001,0.000,0.000,0.000,0.000,0.001,0.000,0.001,0.000,0.000,0.000,0.000,0.000,0.001,0.001,0.000,0.001,0.014,0.060,0.096,0.001,0.000,0.000,0.000,0.000,0.000,0.000,0.000,0.004,0.000,0.030,0.000,0.000,0.001,0.000,0.000,0.000,0.000,0.000,0.000,0.000,0.001,0.000,0.000,0.000,0.001,0.001,0.000,0.001,0.000,0.000,0.000,,0.000,0.000,0.000,,0.045,0.000,0.004,
RoW,Sector,Re-processing of ash into clinker,0.000,0.000,0.000,0.000,0.000,0.000,0.000,0.000,0.000,0.000,0.000,0.000,0.000,0.000,0.000,0.000,0.000,0.000,0.000,0.000,0.000,0.000,0.000,0.000,0.000,0.000,0.000,0.000,0.000,0.000,0.000,0.000,0.000,0.000,0.000,0.000,0.000,0.000,0.000,0.000,0.000,0.000,0.000,0.000,0.000,0.000,0.000,0.000,0.000,0.000,0.000,0.000,0.000,0.000,0.000,0.000,0.000,0.000,0.000,0.000,0.000,0.000,0.000,0.000,0.000,0.000,0.000,0.000,0.000,0.000,0.000,0.000,0.000,0.000,0.000,0.000,0.000,0.002,0.022,0.000,0.000,0.000,0.000,0.000,0.000,0.000,0.000,0.000,0.000,0.000,0.000,0.000,0.000,0.000,0.000,0.000,0.000,0.000,0.000,0.000,0.000,0.000,0.000,0.000,0.000,0.000,0.000,0.000,0.000,0.000,0.000,,0.000,0.000,0.000,,0.001,0.000,0.000,
RoW,Sector,Manufacture of Metals,0.000,0.000,0.000,0.000,0.001,0.001,0.000,0.000,0.000,0.000,0.001,0.001,0.000,0.001,0.000,0.000,0.001,0.002,0.003,0.002,0.001,0.001,0.002,0.002,0.002,0.067,0.062,0.010,0.007,0.009,0.001,0.000,0.000,0.000,0.001,0.002,0.000,0.000,0.000,0.000,0.000,0.000,0.000,0.000,0.000,0.000,0.000,0.000,0.000,0.000,0.000,0.000,0.000,0.000,0.001,0.000,0.002,0.000,0.013,0.010,0.001,0.003,0.003,0.001,0.005,0.003,0.003,0.001,0.004,0.001,0.003,0.002,0.008,0.008,0.008,0.004,0.024,0.026,0.018,0.300,0.299,0.104,0.052,0.020,0.002,0.002,0.001,0.003,0.003,0.054,0.000,0.001,0.002,0.001,0.000,0.001,0.001,0.001,0.001,0.003,0.001,0.000,0.001,0.001,0.006,0.001,0.002,0.001,0.000,0.000,0.001,,0.000,0.000,0.006,,0.478,0.001,0.043,
RoW,Sector,Re-processing of Metals,0.000,0.000,0.000,0.000,0.000,0.000,0.000,0.000,0.000,0.000,0.000,0.000,0.000,0.000,0.000,0.000,0.000,0.000,0.000,0.000,0.000,0.000,0.000,0.000,0.000,0.002,0.002,0.000,0.000,0.000,0.000,0.000,0.000,0.000,0.000,0.000,0.000,0.000,0.000,0.000,0.000,0.000,0.000,0.000,0.000,0.000,0.000,0.000,0.000,0.000,0.000,0.000,0.000,0.000,0.000,0.000,0.000,0.000,0.000,0.000,0.000,0.000,0.000,0.000,0.000,0.000,0.000,0.000,0.000,0.000,0.000,0.001,0.000,0.000,0.000,0.002,0.000,0.001,0.005,0.007,0.068,0.003,0.001,0.000,0.000,0.000,0.000,0.000,0.000,0.001,0.000,0.000,0.000,0.000,0.000,0.000,0.000,0.000,0.000,0.000,0.000,0.000,0.000,0.000,0.000,0.000,0.000,0.000,0.000,0.000,0.000,,0.000,0.000,0.000,,0.012,0.000,0.001,
RoW,Sector,Manufacture of durable goods,0.007,0.004,0.004,0.010,0.010,0.009,0.002,0.003,0.002,0.002,0.005,0.005,0.006,0.008,0.003,0.002,0.004,0.004,0.007,0.005,0.007,0.009,0.005,0.004,0.004,0.009,0.007,0.046,0.010,0.004,0.005,0.004,0.004,0.009,0.009,0.012,0.001,0.007,0.003,0.001,0.002,0.004,0.004,0.001,0.007,0.008,0.007,0.001,0.007,0.005,0.005,0.004,0.004,0.002,0.011,0.004,0.014,0.024,0.038,0.054,0.012,0.019,0.016,0.014,0.031,0.025,0.023,0.029,0.027,0.008,0.010,0.013,0.030,0.033,0.048,0.041,0.049,0.032,0.027,0.038,0.034,0.311,0.058,0.053,0.061,0.043,0.010,0.037,0.023,0.098,0.001,0.022,0.015,0.009,0.009,0.027,0.018,0.006,0.033,0.029,0.037,0.011,0.028,0.052,0.052,0.045,0.032,0.034,0.010,0.001,0.057,,0.044,0.001,0.300,,1.105,0.088,0.176,
RoW,Sector,Manufacture of furniture; manufacturing n.e.c. (36),0.000,0.000,0.000,0.001,0.000,0.001,0.000,0.000,0.000,0.000,0.001,0.001,0.001,0.001,0.000,0.000,0.000,0.000,0.000,0.000,0.000,0.000,0.001,0.000,0.000,0.000,0.000,0.001,0.006,0.000,0.000,0.000,0.000,0.000,0.000,0.000,0.000,0.000,0.000,0.000,0.000,0.000,0.000,0.000,0.000,0.000,0.000,0.000,0.000,0.000,0.000,0.000,0.000,0.000,0.001,0.000,0.001,0.002,0.002,0.003,0.000,0.002,0.001,0.005,0.003,0.003,0.003,0.003,0.014,0.000,0.001,0.002,0.005,0.004,0.005,0.003,0.022,0.001,0.002,0.017,0.000,0.007,0.116,0.001,0.001,0.001,0.000,0.001,0.001,0.004,0.000,0.000,0.001,0.001,0.002,0.001,0.001,0.001,0.002,0.005,0.002,0.005,0.003,0.005,0.002,0.006,0.002,0.008,0.002,0.000,0.002,,0.011,0.000,0.014,,0.081,0.009,0.015,
RoW,Sector,Recycling,0.000,0.000,0.000,0.000,0.000,0.000,0.000,0.000,0.000,0.000,0.000,0.000,0.000,0.000,0.000,0.000,0.000,0.000,0.000,0.000,0.000,0.000,0.000,0.000,0.000,0.000,0.000,0.000,0.000,0.000,0.000,0.000,0.000,0.000,0.000,0.000,0.000,0.000,0.000,0.000,0.000,0.000,0.000,0.000,0.000,0.000,0.000,0.000,0.000,0.000,0.000,0.000,0.000,0.000,0.004,0.001,0.001,0.001,0.001,0.002,0.000,0.000,0.000,0.002,0.000,0.000,0.002,0.007,0.003,0.000,0.000,0.000,0.001,0.005,0.005,0.001,0.001,0.000,0.000,0.006,0.011,0.001,0.000,0.090,0.008,0.006,0.000,0.001,0.000,0.000,0.000,0.000,0.000,0.000,0.000,0.000,0.000,0.000,0.000,0.000,0.000,0.000,0.000,0.002,0.001,0.000,0.000,0.000,0.000,0.000,0.000,,0.000,0.000,0.000,,0.014,0.000,0.001,
RoW,Sector,Production of electricity by fossil fuels,0.000,0.000,0.000,0.000,0.000,0.000,0.000,0.000,0.000,0.000,0.000,0.000,0.000,0.000,0.000,0.000,0.000,0.000,0.000,0.000,0.000,0.000,0.000,0.000,0.000,0.000,0.000,0.000,0.000,0.000,0.000,0.000,0.000,0.000,0.000,0.000,0.000,0.000,0.000,0.000,0.000,0.000,0.000,0.000,0.000,0.000,0.000,0.000,0.000,0.000,0.000,0.000,0.000,0.000,0.005,0.005,0.002,0.001,0.012,0.029,0.004,0.008,0.003,0.008,0.008,0.008,0.039,0.036,0.012,0.007,0.011,0.011,0.015,0.019,0.019,0.026,0.031,0.034,0.016,0.019,0.039,0.008,0.007,0.016,0.017,0.002,0.182,0.037,0.030,0.003,0.007,0.002,0.006,0.002,0.004,0.004,0.002,0.005,0.002,0.009,0.004,0.007,0.005,0.024,0.004,0.003,0.010,0.004,0.000,0.000,0.000,,0.009,0.001,0.000,,0.141,0.004,0.016,
RoW,Sector,Production of electricity by renewable energy,0.000,0.000,0.000,0.000,0.000,0.000,0.000,0.000,0.000,0.000,0.000,0.000,0.000,0.000,0.000,0.000,0.000,0.000,0.000,0.000,0.000,0.000,0.000,0.000,0.000,0.000,0.000,0.000,0.000,0.000,0.000,0.000,0.000,0.000,0.000,0.000,0.000,0.000,0.000,0.000,0.000,0.000,0.000,0.000,0.000,0.000,0.000,0.000,0.000,0.000,0.000,0.000,0.000,0.000,0.001,0.001,0.001,0.001,0.004,0.007,0.001,0.001,0.001,0.002,0.002,0.005,0.011,0.005,0.003,0.001,0.001,0.002,0.003,0.004,0.004,0.006,0.006,0.006,0.004,0.004,0.014,0.001,0.002,0.004,0.001,0.000,0.037,0.004,0.011,0.001,0.001,0.001,0.002,0.001,0.001,0.001,0.001,0.001,0.001,0.001,0.001,0.001,0.001,0.003,0.002,0.005,0.003,0.001,0.000,0.000,0.000,,0.001,0.000,0.000,,0.029,0.001,0.003,
RoW,Sector,Transmission & Distribution,0.000,0.000,0.000,0.000,0.000,0.000,0.000,0.000,0.000,0.000,0.000,0.000,0.000,0.000,0.000,0.000,0.000,0.000,0.000,0.000,0.000,0.000,0.000,0.000,0.000,0.000,0.000,0.000,0.000,0.000,0.000,0.000,0.000,0.000,0.000,0.000,0.000,0.000,0.000,0.000,0.000,0.000,0.000,0.000,0.000,0.000,0.000,0.000,0.000,0.000,0.000,0.000,0.000,0.000,0.003,0.002,0.001,0.001,0.005,0.013,0.002,0.003,0.001,0.003,0.003,0.004,0.014,0.013,0.004,0.003,0.003,0.002,0.006,0.008,0.008,0.004,0.014,0.014,0.003,0.008,0.015,0.003,0.003,0.007,0.002,0.000,0.242,0.016,0.039,0.002,0.001,0.002,0.006,0.002,0.004,0.003,0.002,0.005,0.002,0.006,0.005,0.007,0.005,0.019,0.005,0.006,0.010,0.004,0.000,0.000,0.000,,0.007,0.001,0.001,,0.100,0.004,0.012,
RoW,Sector,Manufacture of gas; distribution of gaseous fuels through mains,0.000,0.000,0.000,0.000,0.000,0.000,0.000,0.000,0.000,0.000,0.000,0.000,0.000,0.000,0.000,0.000,0.000,0.000,0.000,0.000,0.000,0.000,0.000,0.000,0.000,0.000,0.000,0.000,0.000,0.000,0.000,0.000,0.000,0.000,0.000,0.000,0.000,0.000,0.000,0.000,0.000,0.000,0.000,0.000,0.000,0.000,0.000,0.000,0.000,0.000,0.000,0.000,0.000,0.000,0.000,0.000,0.000,0.000,0.003,0.003,0.001,0.002,0.001,0.001,0.001,0.002,0.005,0.012,0.001,0.001,0.001,0.000,0.002,0.003,0.004,0.013,0.002,0.006,0.007,0.002,0.008,0.001,0.001,0.002,0.021,0.012,0.012,0.061,0.017,0.000,0.003,0.000,0.001,0.000,0.001,0.000,0.000,0.001,0.001,0.002,0.001,0.002,0.002,0.002,0.001,0.001,0.000,0.002,0.000,0.000,0.000,,0.004,0.000,0.000,,0.028,0.002,0.004,
RoW,Sector,Water,0.000,0.000,0.000,0.000,0.000,0.000,0.000,0.000,0.000,0.000,0.000,0.000,0.000,0.000,0.000,0.000,0.000,0.000,0.000,0.000,0.000,0.000,0.000,0.000,0.000,0.000,0.000,0.000,0.000,0.000,0.000,0.000,0.000,0.000,0.000,0.000,0.000,0.000,0.000,0.000,0.000,0.000,0.000,0.000,0.000,0.000,0.000,0.000,0.000,0.000,0.000,0.000,0.000,0.000,0.001,0.001,0.000,0.000,0.000,0.001,0.001,0.001,0.001,0.001,0.000,0.000,0.002,0.004,0.001,0.000,0.001,0.002,0.002,0.001,0.001,0.001,0.001,0.001,0.002,0.001,0.001,0.000,0.001,0.002,0.004,0.015,0.006,0.004,0.066,0.001,0.000,0.000,0.001,0.000,0.001,0.001,0.000,0.001,0.000,0.002,0.001,0.003,0.002,0.006,0.002,0.001,0.002,0.003,0.000,0.000,0.000,,0.004,0.001,0.000,,0.020,0.002,0.003,
RoW,Sector,Construction (45),0.000,0.000,0.000,0.000,0.001,0.000,0.000,0.000,0.000,0.000,0.000,0.000,0.000,0.000,0.000,0.000,0.000,0.000,0.000,0.000,0.000,0.000,0.000,0.000,0.000,0.000,0.000,0.000,0.000,0.000,0.000,0.000,0.000,0.000,0.000,0.002,0.000,0.000,0.000,0.000,0.000,0.000,0.000,0.001,0.000,0.000,0.000,0.000,0.000,0.000,0.000,0.001,0.001,0.000,0.004,0.002,0.002,0.001,0.009,0.009,0.002,0.002,0.002,0.002,0.003,0.003,0.004,0.008,0.003,0.002,0.003,0.003,0.002,0.002,0.003,0.003,0.007,0.004,0.006,0.002,0.001,0.002,0.002,0.002,0.015,0.017,0.024,0.009,0.045,0.050,0.002,0.001,0.004,0.003,0.003,0.006,0.004,0.044,0.003,0.011,0.017,0.010,0.009,0.025,0.011,0.035,0.018,0.006,0.000,0.000,0.003,,0.002,0.001,0.447,,0.180,0.097,0.104,
RoW,Sector,Re-processing of secondary construction material into aggregates,0.000,0.000,0.000,0.000,0.000,0.000,0.000,0.000,0.000,0.000,0.000,0.000,0.000,0.000,0.000,0.000,0.000,0.000,0.000,0.000,0.000,0.000,0.000,0.000,0.000,0.000,0.000,0.000,0.000,0.000,0.000,0.000,0.000,0.000,0.000,0.000,0.000,0.000,0.000,0.000,0.000,0.000,0.000,0.000,0.000,0.000,0.000,0.000,0.000,0.000,0.000,0.000,0.000,0.000,0.000,0.000,0.000,0.000,0.000,0.000,0.000,0.000,0.000,0.000,0.000,0.000,0.000,0.000,0.000,0.000,0.000,0.000,0.000,0.000,0.000,0.000,0.000,0.000,0.000,0.000,0.000,0.000,0.000,0.000,0.000,0.000,0.000,0.000,0.000,0.000,0.000,0.000,0.000,0.000,0.000,0.000,0.000,0.000,0.000,0.000,0.000,0.000,0.000,0.000,0.000,0.000,0.000,0.000,0.000,0.000,0.000,,0.000,0.000,0.000,,0.000,0.000,0.000,
RoW,Sector,"Sale, maintenance, repair of motor vehicles, motor vehicles parts, motorcycles, motor cycles parts and accessoiries",0.000,0.000,0.000,0.001,0.001,0.000,0.000,0.001,0.000,0.000,0.000,0.000,0.000,0.000,0.000,0.001,0.000,0.000,0.000,0.000,0.000,0.000,0.000,0.000,0.000,0.000,0.000,0.000,0.000,0.000,0.000,0.000,0.000,0.000,0.000,0.000,0.000,0.000,0.000,0.000,0.000,0.000,0.000,0.000,0.000,0.000,0.000,0.000,0.000,0.000,0.000,0.000,0.000,0.000,0.006,0.009,0.018,0.005,0.006,0.010,0.012,0.010,0.010,0.007,0.017,0.017,0.030,0.021,0.011,0.005,0.011,0.016,0.005,0.008,0.010,0.013,0.011,0.016,0.019,0.007,0.010,0.007,0.008,0.008,0.007,0.006,0.004,0.011,0.006,0.007,0.005,0.016,0.012,0.004,0.005,0.026,0.006,0.002,0.024,0.007,0.004,0.004,0.005,0.016,0.027,0.007,0.010,0.009,0.000,0.000,0.000,,0.022,0.001,0.004,,0.126,0.011,0.021,
RoW,Sector,Retail sale of automotive fuel,0.000,0.000,0.000,0.000,0.000,0.000,0.000,0.000,0.000,0.000,0.000,0.000,0.000,0.000,0.000,0.001,0.000,0.000,0.000,0.000,0.000,0.000,0.000,0.000,0.000,0.000,0.000,0.000,0.000,0.000,0.000,0.000,0.000,0.000,0.000,0.000,0.000,0.000,0.000,0.000,0.000,0.000,0.000,0.000,0.000,0.000,0.000,0.000,0.000,0.000,0.000,0.000,0.000,0.000,0.001,0.001,0.000,0.000,0.000,0.000,0.000,0.000,0.000,0.000,0.000,0.000,0.000,0.000,0.000,0.000,0.000,0.001,0.000,0.000,0.000,0.001,0.000,0.000,0.001,0.000,0.000,0.000,0.000,0.000,0.000,0.000,0.000,0.000,0.000,0.000,0.000,0.000,0.001,0.000,0.000,0.000,0.000,0.000,0.000,0.000,0.000,0.000,0.000,0.000,0.001,0.000,0.000,0.000,0.000,0.000,0.000,,0.000,0.000,0.000,,0.004,0.000,0.001,
RoW,Sector,Retail & Wholesale trade,0.001,0.001,0.001,0.001,0.002,0.001,0.003,0.002,0.001,0.002,0.001,0.001,0.002,0.002,0.003,0.010,0.002,0.002,0.004,0.002,0.002,0.002,0.002,0.001,0.001,0.002,0.002,0.002,0.002,0.001,0.001,0.001,0.000,0.002,0.001,0.001,0.000,0.000,0.001,0.004,0.001,0.001,0.001,0.000,0.001,0.001,0.000,0.000,0.001,0.001,0.001,0.001,0.001,0.001,0.025,0.043,0.027,0.018,0.017,0.037,0.058,0.048,0.055,0.041,0.052,0.061,0.096,0.065,0.047,0.020,0.039,0.071,0.032,0.035,0.042,0.098,0.050,0.058,0.081,0.037,0.033,0.037,0.038,0.041,0.031,0.019,0.015,0.034,0.022,0.031,0.006,0.026,0.034,0.042,0.024,0.020,0.017,0.008,0.073,0.035,0.013,0.017,0.027,0.062,0.037,0.026,0.032,0.025,0.001,0.000,0.001,,0.032,0.005,0.022,,0.477,0.020,0.059,
RoW,Sector,Leisure Services,0.001,0.000,0.000,0.001,0.003,0.001,0.001,0.001,0.001,0.001,0.001,0.000,0.001,0.000,0.002,0.001,0.001,0.000,0.004,0.001,0.001,0.000,0.001,0.001,0.000,0.001,0.000,0.001,0.001,0.000,0.001,0.001,0.001,0.001,0.000,0.002,0.002,0.001,0.001,0.001,0.004,0.004,0.004,0.001,0.002,0.003,0.005,0.002,0.003,0.001,0.001,0.002,0.002,0.008,0.003,0.002,0.003,0.002,0.006,0.012,0.005,0.008,0.010,0.007,0.009,0.002,0.010,0.004,0.009,0.003,0.003,0.002,0.007,0.006,0.009,0.003,0.011,0.010,0.003,0.005,0.002,0.007,0.009,0.039,0.008,0.005,0.005,0.007,0.004,0.009,0.004,0.004,0.011,0.006,0.030,0.013,0.026,0.007,0.012,0.012,0.026,0.017,0.020,0.009,0.013,0.009,0.008,0.050,0.011,0.000,0.000,,0.107,0.009,0.002,,0.238,0.051,0.067,
RoW,Sector,Transport,0.001,0.001,0.001,0.003,0.005,0.008,0.004,0.004,0.001,0.002,0.005,0.004,0.008,0.015,0.003,0.005,0.006,0.002,0.003,0.003,0.002,0.002,0.004,0.007,0.008,0.004,0.004,0.002,0.003,0.002,0.007,0.001,0.001,0.006,0.001,0.002,0.001,0.002,0.003,0.008,0.001,0.030,0.001,0.000,0.002,0.002,0.002,0.001,0.001,0.001,0.001,0.001,0.001,0.001,0.018,0.022,0.025,0.013,0.025,0.056,0.034,0.028,0.038,0.022,0.047,0.036,0.088,0.107,0.030,0.015,0.023,0.034,0.020,0.019,0.028,0.036,0.039,0.061,0.162,0.031,0.030,0.021,0.026,0.121,0.020,0.016,0.014,0.029,0.018,0.039,0.004,0.017,0.154,0.041,0.021,0.149,0.022,0.004,0.024,0.033,0.033,0.026,0.018,0.076,0.054,0.017,0.032,0.024,0.008,0.001,0.000,,0.050,0.011,0.006,,0.541,0.026,0.071,
RoW,Sector,KIBS,0.003,0.003,0.002,0.003,0.004,0.005,0.007,0.006,0.009,0.004,0.003,0.003,0.005,0.008,0.011,0.002,0.006,0.011,0.010,0.004,0.003,0.004,0.004,0.004,0.004,0.003,0.004,0.004,0.003,0.002,0.004,0.004,0.004,0.004,0.004,0.003,0.001,0.003,0.013,0.005,0.003,0.004,0.021,0.005,0.010,0.012,0.005,0.002,0.003,0.013,0.011,0.009,0.007,0.005,0.081,0.078,0.017,0.028,0.050,0.053,0.036,0.058,0.049,0.046,0.050,0.037,0.048,0.085,0.073,0.024,0.038,0.080,0.052,0.040,0.045,0.070,0.046,0.059,0.050,0.036,0.034,0.059,0.051,0.049,0.082,0.072,0.036,0.049,0.043,0.074,0.012,0.027,0.105,0.050,0.066,0.062,0.234,0.104,0.180,0.123,0.112,0.057,0.152,0.115,0.134,0.108,0.044,0.136,0.003,0.000,0.006,,0.104,0.012,0.077,,1.603,0.065,0.198,
RoW,Sector,Real estate activities (70),0.001,0.000,0.000,0.000,0.000,0.000,0.000,0.000,0.000,0.000,0.000,0.000,0.000,0.000,0.000,0.000,0.000,0.000,0.001,0.000,0.000,0.000,0.000,0.000,0.000,0.000,0.000,0.000,0.000,0.000,0.000,0.000,0.000,0.000,0.000,0.001,0.000,0.001,0.002,0.001,0.001,0.000,0.001,0.002,0.001,0.001,0.001,0.001,0.001,0.000,0.000,0.000,0.000,0.002,0.003,0.002,0.001,0.000,0.004,0.002,0.001,0.002,0.001,0.004,0.003,0.003,0.002,0.002,0.006,0.000,0.001,0.001,0.002,0.002,0.002,0.005,0.002,0.002,0.002,0.001,0.001,0.002,0.003,0.001,0.001,0.002,0.002,0.003,0.002,0.004,0.000,0.002,0.020,0.009,0.007,0.007,0.015,0.030,0.017,0.013,0.012,0.023,0.040,0.007,0.017,0.005,0.003,0.041,0.002,0.000,0.000,,0.132,0.001,0.023,,0.165,0.064,0.073,
RoW,Sector,Renting of machinery and equipment without operator and of personal and household goods (71),0.000,0.000,0.000,0.000,0.002,0.000,0.000,0.000,0.000,0.000,0.000,0.000,0.000,0.000,0.000,0.000,0.000,0.001,0.003,0.000,0.000,0.000,0.000,0.000,0.000,0.000,0.000,0.000,0.000,0.000,0.000,0.000,0.000,0.000,0.000,0.000,0.000,0.000,0.000,0.000,0.000,0.000,0.000,0.000,0.002,0.000,0.000,0.000,0.000,0.000,0.000,0.000,0.000,0.000,0.002,0.001,0.002,0.000,0.008,0.004,0.002,0.004,0.002,0.003,0.004,0.003,0.002,0.006,0.008,0.002,0.003,0.002,0.003,0.003,0.003,0.003,0.006,0.006,0.010,0.002,0.004,0.006,0.004,0.013,0.004,0.003,0.002,0.002,0.002,0.009,0.011,0.003,0.005,0.002,0.005,0.010,0.010,0.001,0.025,0.008,0.003,0.004,0.011,0.011,0.021,0.007,0.004,0.006,0.000,0.000,0.000,,0.009,0.000,0.000,,0.099,0.004,0.012,
RoW,Sector,Research and development (73),0.000,0.000,0.000,0.000,0.000,0.000,0.000,0.000,0.001,0.000,0.000,0.000,0.000,0.001,0.000,0.000,0.003,0.003,0.028,0.001,0.000,0.000,0.001,0.000,0.000,0.000,0.000,0.002,0.000,0.000,0.000,0.000,0.000,0.000,0.000,0.000,0.000,0.000,0.000,0.000,0.000,0.000,0.000,0.000,0.000,0.009,0.002,0.001,0.000,0.000,0.000,0.000,0.000,0.000,0.000,0.000,0.000,0.000,0.003,0.003,0.001,0.002,0.002,0.001,0.001,0.000,0.003,0.002,0.001,0.002,0.006,0.001,0.014,0.003,0.004,0.000,0.003,0.002,0.002,0.002,0.005,0.010,0.002,0.001,0.004,0.002,0.004,0.002,0.001,0.001,0.001,0.000,0.001,0.001,0.000,0.001,0.002,0.000,0.001,0.041,0.012,0.003,0.001,0.001,0.004,0.002,0.001,0.001,0.000,0.001,0.000,,0.002,0.022,0.002,,0.066,0.004,0.010,
RoW,Sector,Public administration and defence; compulsory social security (75),0.000,0.000,0.000,0.000,0.000,0.000,0.000,0.000,0.000,0.000,0.000,0.000,0.000,0.000,0.000,0.000,0.000,0.000,0.000,0.000,0.000,0.000,0.000,0.000,0.000,0.000,0.000,0.000,0.000,0.000,0.000,0.000,0.000,0.000,0.000,0.000,0.000,0.000,0.000,0.000,0.000,0.000,0.000,0.000,0.000,0.000,0.000,0.000,0.000,0.000,0.000,0.000,0.000,0.000,0.001,0.001,0.003,0.001,0.001,0.002,0.002,0.003,0.002,0.001,0.004,0.001,0.002,0.003,0.003,0.001,0.012,0.002,0.003,0.002,0.003,0.002,0.001,0.003,0.000,0.002,0.001,0.002,0.002,0.002,0.003,0.005,0.005,0.052,0.006,0.003,0.000,0.001,0.002,0.001,0.003,0.005,0.006,0.019,0.004,0.005,0.015,0.011,0.012,0.013,0.008,0.002,0.004,0.009,0.000,0.002,0.000,,0.052,0.567,0.001,,0.092,0.096,0.096,
RoW,Sector,Education (80),0.000,0.000,0.000,0.000,0.000,0.000,0.000,0.000,0.000,0.000,0.000,0.000,0.000,0.000,0.000,0.000,0.000,0.000,0.000,0.000,0.000,0.000,0.000,0.000,0.000,0.000,0.000,0.000,0.000,0.000,0.000,0.000,0.000,0.000,0.000,0.000,0.000,0.000,0.000,0.000,0.000,0.000,0.000,0.000,0.000,0.000,0.000,0.000,0.000,0.000,0.000,0.000,0.000,0.000,0.000,0.000,0.000,0.000,0.000,0.000,0.000,0.000,0.000,0.000,0.000,0.000,0.000,0.001,0.000,0.000,0.000,0.002,0.000,0.000,0.000,0.002,0.000,0.000,0.001,0.000,0.000,0.000,0.000,0.002,0.000,0.000,0.000,0.001,0.001,0.000,0.000,0.000,0.003,0.000,0.001,0.001,0.001,0.000,0.000,0.002,0.006,0.009,0.001,0.002,0.002,0.001,0.001,0.003,0.000,0.001,0.000,,0.030,0.142,0.000,,0.018,0.032,0.030,
RoW,Sector,Health and social work (85),0.000,0.000,0.000,0.000,0.000,0.000,0.000,0.000,0.000,0.000,0.000,0.000,0.000,0.000,0.000,0.000,0.000,0.000,0.000,0.000,0.000,0.000,0.000,0.000,0.000,0.000,0.000,0.000,0.000,0.000,0.000,0.000,0.000,0.000,0.000,0.000,0.000,0.000,0.000,0.000,0.000,0.000,0.000,0.000,0.000,0.000,0.000,0.000,0.000,0.000,0.000,0.000,0.000,0.000,0.000,0.001,0.000,0.000,0.000,0.001,0.000,0.000,0.001,0.000,0.000,0.000,0.000,0.000,0.000,0.000,0.000,0.000,0.000,0.000,0.003,0.000,0.000,0.000,0.000,0.000,0.000,0.001,0.000,0.000,0.001,0.001,0.000,0.000,0.019,0.000,0.000,0.000,0.001,0.000,0.000,0.000,0.001,0.000,0.000,0.000,0.010,0.001,0.023,0.001,0.000,0.004,0.000,0.001,0.000,0.002,0.000,,0.086,0.199,0.001,,0.035,0.064,0.062,
RoW,Sector,Incineration of Waste,0.000,0.000,0.000,0.000,0.000,0.000,0.000,0.000,0.000,0.000,0.000,0.000,0.000,0.000,0.000,0.001,0.000,0.000,0.000,0.000,0.000,0.000,0.000,0.000,0.000,0.001,0.000,0.000,0.000,0.000,0.000,0.000,0.000,0.000,0.000,0.000,0.000,0.000,0.000,0.000,0.000,0.000,0.000,0.000,0.000,0.000,0.000,0.000,0.000,0.001,0.001,0.000,0.000,0.000,0.001,0.002,0.000,0.000,0.001,0.000,0.000,0.000,0.000,0.000,0.000,0.000,0.000,0.001,0.000,0.000,0.001,0.000,0.001,0.000,0.000,0.000,0.001,0.000,0.000,0.000,0.001,0.000,0.000,0.001,0.002,0.004,0.000,0.000,0.002,0.000,0.000,0.000,0.000,0.000,0.001,0.001,0.000,0.001,0.000,0.001,0.002,0.001,0.002,0.013,0.017,0.001,0.003,0.002,0.000,0.000,0.000,,0.001,0.001,0.000,,0.012,0.000,0.001,
RoW,Sector,Biogas & Composting,0.000,0.000,0.000,0.000,0.000,0.000,0.000,0.000,0.000,0.000,0.000,0.000,0.000,0.000,0.000,0.000,0.000,0.000,0.000,0.000,0.000,0.000,0.000,0.000,0.000,0.000,0.000,0.000,0.000,0.000,0.000,0.000,0.000,0.000,0.000,0.000,0.000,0.000,0.000,0.000,0.000,0.000,0.000,0.000,0.000,0.000,0.000,0.000,0.000,0.000,0.000,0.000,0.000,0.000,0.000,0.000,0.000,0.000,0.000,0.000,0.000,0.000,0.000,0.000,0.000,0.000,0.001,0.002,0.000,0.000,0.000,0.002,0.001,0.000,0.000,0.001,0.000,0.000,0.001,0.001,0.001,0.000,0.000,0.000,0.000,0.000,0.000,0.000,0.000,0.000,0.000,0.000,0.000,0.000,0.000,0.000,0.000,0.001,0.000,0.000,0.001,0.000,0.001,0.010,0.027,0.002,0.006,0.000,0.000,0.000,0.000,,0.000,0.001,0.000,,0.007,0.000,0.001,
RoW,Sector,Waste water,0.000,0.000,0.000,0.000,0.000,0.000,0.000,0.000,0.000,0.000,0.000,0.000,0.000,0.000,0.000,0.000,0.000,0.000,0.000,0.000,0.000,0.000,0.000,0.000,0.000,0.001,0.000,0.000,0.000,0.000,0.000,0.000,0.000,0.000,0.000,0.000,0.000,0.000,0.000,0.000,0.000,0.000,0.000,0.000,0.000,0.000,0.000,0.000,0.000,0.000,0.000,0.000,0.000,0.000,0.003,0.005,0.000,0.000,0.002,0.001,0.001,0.000,0.000,0.003,0.000,0.001,0.003,0.002,0.000,0.000,0.001,0.002,0.001,0.001,0.000,0.003,0.001,0.001,0.000,0.000,0.001,0.000,0.001,0.001,0.001,0.012,0.000,0.000,0.021,0.000,0.000,0.000,0.000,0.000,0.001,0.001,0.000,0.000,0.001,0.001,0.002,0.001,0.001,0.003,0.007,0.018,0.011,0.001,0.000,0.000,0.000,,0.003,0.008,0.000,,0.015,0.002,0.003,
RoW,Sector,Landfill of Waste,0.000,0.000,0.000,0.001,0.000,0.000,0.000,0.000,0.000,0.000,0.000,0.000,0.000,0.000,0.000,0.001,0.000,0.000,0.000,0.000,0.000,0.000,0.000,0.000,0.000,0.002,0.000,0.000,0.000,0.000,0.000,0.000,0.000,0.000,0.000,0.000,0.000,0.000,0.000,0.000,0.000,0.000,0.000,0.000,0.000,0.000,0.000,0.000,0.000,0.001,0.001,0.001,0.001,0.000,0.002,0.004,0.000,0.000,0.003,0.002,0.002,0.001,0.001,0.001,0.001,0.003,0.013,0.007,0.001,0.000,0.001,0.007,0.002,0.000,0.001,0.010,0.002,0.003,0.001,0.001,0.004,0.001,0.001,0.001,0.006,0.013,0.003,0.004,0.010,0.001,0.000,0.002,0.000,0.001,0.004,0.004,0.001,0.001,0.001,0.003,0.003,0.003,0.002,0.012,0.040,0.016,0.045,0.001,0.000,0.000,0.000,,0.004,0.002,0.000,,0.036,0.002,0.005,
RoW,Sector,Other Services,0.000,0.000,0.000,0.000,0.000,0.000,0.000,0.000,0.000,0.000,0.000,0.000,0.000,0.000,0.000,0.000,0.000,0.000,0.000,0.000,0.000,0.000,0.000,0.000,0.000,0.001,0.000,0.000,0.000,0.000,0.000,0.000,0.000,0.000,0.000,0.000,0.000,0.000,0.000,0.000,0.000,0.000,0.000,0.000,0.000,0.000,0.000,0.000,0.000,0.000,0.000,0.000,0.000,0.001,0.002,0.001,0.003,0.002,0.002,0.002,0.001,0.002,0.003,0.002,0.003,0.002,0.002,0.001,0.002,0.001,0.001,0.001,0.002,0.002,0.001,0.000,0.005,0.003,0.006,0.002,0.002,0.002,0.002,0.002,0.007,0.005,0.001,0.002,0.003,0.002,0.000,0.001,0.003,0.001,0.004,0.006,0.004,0.006,0.004,0.012,0.003,0.006,0.008,0.010,0.003,0.007,0.002,0.022,0.000,0.000,0.000,,0.042,0.003,0.001,,0.059,0.019,0.023,
-,Factor of production,Indirect Taxes,0.001,0.012,0.015,0.045,0.006,0.034,0.032,0.035,0.067,0.038,0.021,0.028,0.036,0.028,0.022,0.059,0.043,0.023,0.025,0.028,0.024,0.021,0.028,0.027,0.019,0.021,0.020,0.019,0.024,0.029,0.040,0.033,0.051,0.045,0.043,0.023,0.014,0.048,0.065,0.038,0.046,0.041,0.029,0.063,0.029,0.011,0.025,0.015,0.025,0.027,0.031,0.034,0.032,0.020,0.042,0.023,0.067,0.011,0.114,0.053,0.034,0.054,0.121,0.059,0.053,0.035,0.056,0.028,0.048,0.106,0.035,0.030,0.045,0.034,0.055,0.034,0.054,0.049,0.028,0.060,0.018,0.045,0.049,-0.024,0.064,0.043,0.095,0.042,0.056,0.047,0.010,0.075,0.094,0.059,0.089,0.060,0.036,0.100,0.040,0.019,0.018,0.025,0.029,0.038,0.026,0.026,0.030,0.032,1.000,1.000,1.000,,1.000,1.000,1.000,,1.000,1.000,1.000,TOTALS
-,Factor of production,Wages,0.121,0.081,0.145,0.188,0.229,0.183,0.165,0.130,0.156,0.235,0.187,0.223,0.148,0.122,0.210,0.031,0.200,0.161,0.078,0.190,0.171,0.240,0.239,0.199,0.195,0.126,0.121,0.231,0.277,0.202,0.105,0.077,0.060,0.186,0.159,0.236,0.484,0.498,0.219,0.400,0.356,0.282,0.300,0.041,0.089,0.426,0.496,0.690,0.521,0.205,0.213,0.211,0.248,0.490,0.316,0.226,0.342,0.643,0.113,0.188,0.089,0.114,0.066,0.151,0.142,0.248,0.105,0.287,0.194,0.037,0.085,0.191,0.072,0.196,0.105,0.292,0.141,0.144,0.156,0.083,0.089,0.165,0.168,0.252,0.184,0.112,0.099,0.148,0.127,0.237,0.407,0.570,0.168,0.413,0.385,0.301,0.323,0.044,0.102,0.467,0.475,0.605,0.292,0.310,0.244,0.337,0.377,0.380,1.0,1.0,1.0,,1.0,1.0,1.0,,,,,
-,Factor of production,Operating surplus: Consumption of fixed capital,0.135,0.118,0.066,0.084,0.103,0.084,0.029,0.044,0.068,0.041,0.045,0.041,0.062,0.089,0.044,0.018,0.056,0.058,0.028,0.042,0.064,0.078,0.059,0.052,0.051,0.041,0.048,0.043,0.046,0.028,0.133,0.334,0.163,0.054,0.167,0.045,0.039,0.076,0.025,0.062,0.087,0.104,0.065,0.280,0.374,0.072,0.144,0.080,0.064,0.180,0.156,0.146,0.118,0.039,0.071,0.059,0.033,0.034,0.092,0.092,0.017,0.026,0.145,0.036,0.032,0.037,0.047,0.052,0.051,0.040,0.044,0.076,0.051,0.044,0.049,0.062,0.048,0.053,0.029,0.051,0.076,0.051,0.049,0.091,0.165,0.441,0.117,0.137,0.191,0.060,0.060,0.105,0.037,0.081,0.082,0.084,0.090,0.253,0.312,0.048,0.116,0.080,0.059,0.079,0.124,0.154,0.175,0.046,-,-,-,,-,-,-,,,,,
-,Factor of production,Operation Surplus,0.348,0.181,0.310,0.207,0.200,0.157,0.065,0.099,0.214,0.066,0.072,0.085,0.053,0.070,0.108,0.032,0.132,0.178,0.111,0.065,0.082,0.116,0.070,0.062,0.056,0.023,0.038,0.076,0.099,0.101,0.124,0.164,0.152,0.119,0.108,0.099,0.309,0.130,0.260,0.201,0.197,0.079,0.141,0.404,0.080,0.013,0.007,0.028,0.117,0.053,0.063,0.080,0.093,0.153,0.213,0.117,0.252,0.112,0.338,0.162,0.055,0.074,0.159,0.045,0.072,0.108,0.046,0.052,0.081,0.037,0.052,0.100,0.073,0.038,0.095,0.082,0.064,0.068,0.042,0.048,0.099,0.047,0.119,0.099,0.033,0.082,0.062,0.107,0.176,0.050,0.455,0.098,0.197,0.245,0.127,0.086,0.139,0.332,0.088,-0.007,0.005,0.011,0.089,0.009,0.068,0.065,0.078,0.063,-,-,-,,-,-,-,,,,,
-,Satellite account,Employment male,0.018,0.012,0.011,0.023,0.006,0.003,0.003,0.002,0.002,0.003,0.006,0.006,0.005,0.003,0.003,0.000,0.002,0.002,0.006,0.003,0.004,0.005,0.005,0.004,0.004,0.003,0.003,0.003,0.009,0.004,0.002,0.001,0.001,0.002,0.004,0.008,0.013,0.008,0.010,0.011,0.005,0.005,0.004,0.001,0.001,0.009,0.007,0.006,0.004,0.005,0.005,0.006,0.007,0.005,0.216,0.150,0.138,0.386,0.016,0.030,0.008,0.009,0.004,0.015,0.020,0.015,0.015,0.004,0.015,0.005,0.009,0.002,0.006,0.025,0.012,0.012,0.020,0.018,0.003,0.013,0.003,0.016,0.020,0.026,0.013,0.011,0.007,0.019,0.019,0.024,0.014,0.022,0.015,0.031,0.016,0.023,0.008,0.001,0.002,0.024,0.017,0.024,0.008,0.006,0.006,0.046,0.009,0.018,,,,,,,,,,,,
-,Satellite account,Employment female,0.011,0.007,0.006,0.012,0.001,0.000,0.003,0.002,0.002,0.007,0.001,0.001,0.002,0.001,0.002,0.000,0.001,0.001,0.003,0.001,0.001,0.002,0.002,0.001,0.001,0.000,0.000,0.001,0.004,0.001,0.000,0.000,0.000,0.001,0.001,0.001,0.002,0.008,0.009,0.011,0.006,0.001,0.004,0.001,0.001,0.009,0.006,0.014,0.014,0.001,0.001,0.002,0.002,0.014,0.113,0.077,0.076,0.161,0.005,0.011,0.004,0.005,0.008,0.012,0.004,0.002,0.004,0.001,0.006,0.000,0.003,0.000,0.002,0.010,0.003,0.002,0.004,0.004,0.001,0.001,0.000,0.005,0.006,0.012,0.002,0.002,0.001,0.003,0.003,0.003,0.002,0.018,0.013,0.027,0.015,0.004,0.005,0.001,0.002,0.015,0.008,0.028,0.015,0.001,0.001,0.004,0.003,0.022,,,,,,,,,,,,
-,Satellite account,Employment hours male,0.035,0.024,0.023,0.045,0.013,0.007,0.005,0.005,0.004,0.005,0.012,0.011,0.008,0.005,0.005,0.001,0.003,0.003,0.011,0.006,0.008,0.009,0.010,0.008,0.008,0.005,0.005,0.006,0.015,0.006,0.003,0.002,0.002,0.004,0.007,0.015,0.024,0.015,0.017,0.019,0.008,0.009,0.008,0.001,0.002,0.018,0.013,0.009,0.006,0.008,0.009,0.012,0.014,0.008,0.444,0.310,0.273,0.762,0.038,0.069,0.018,0.020,0.009,0.035,0.044,0.034,0.033,0.009,0.034,0.012,0.019,0.005,0.014,0.058,0.028,0.027,0.046,0.041,0.006,0.030,0.007,0.036,0.046,0.063,0.029,0.025,0.015,0.042,0.042,0.055,0.029,0.052,0.035,0.071,0.036,0.054,0.019,0.003,0.005,0.050,0.038,0.052,0.018,0.014,0.012,0.111,0.018,0.041,,, ,,,,,,,,,
-,Satellite account,Employment hours female,0.021,0.014,0.012,0.023,0.002,0.001,0.004,0.004,0.003,0.013,0.003,0.003,0.004,0.002,0.003,0.000,0.001,0.001,0.006,0.002,0.003,0.003,0.003,0.003,0.002,0.001,0.001,0.002,0.008,0.003,0.001,0.001,0.000,0.001,0.002,0.001,0.003,0.015,0.016,0.019,0.010,0.002,0.007,0.001,0.002,0.016,0.010,0.022,0.022,0.002,0.002,0.003,0.004,0.022,0.229,0.157,0.148,0.332,0.012,0.026,0.010,0.011,0.019,0.028,0.009,0.005,0.010,0.003,0.013,0.001,0.007,0.001,0.004,0.024,0.007,0.004,0.011,0.008,0.002,0.002,0.001,0.012,0.013,0.027,0.005,0.005,0.002,0.006,0.007,0.006,0.004,0.042,0.029,0.059,0.033,0.009,0.011,0.002,0.003,0.030,0.018,0.054,0.030,0.003,0.003,0.008,0.006,0.045,,,,,,,,,,,,
-,Satellite account,Employment: Vulnerable employment,0.021,0.015,0.012,0.023,0.000,0.000,0.000,0.000,0.000,0.001,0.001,0.001,0.000,0.000,0.000,0.000,0.000,0.000,0.001,0.000,0.000,0.001,0.001,0.000,0.000,0.000,0.000,0.000,0.001,0.000,0.000,0.000,0.000,0.000,0.000,0.002,0.003,0.004,0.004,0.004,0.002,0.001,0.001,0.000,0.000,0.005,0.000,0.001,0.002,0.000,0.000,0.000,0.000,0.003,0.234,0.153,0.192,0.444,0.007,0.013,0.004,0.005,0.005,0.013,0.007,0.003,0.004,0.001,0.007,0.003,0.003,0.000,0.004,0.013,0.006,0.002,0.011,0.010,0.000,0.006,0.001,0.008,0.011,0.018,0.004,0.003,0.002,0.006,0.006,0.013,0.006,0.019,0.014,0.025,0.015,0.012,0.004,0.001,0.001,0.009,0.009,0.014,0.006,0.001,0.001,0.041,0.001,0.014,,,,,,,,,,,,
-,Satellite account,Employment hours: Vulnerable employment,0.069,0.050,0.060,0.065,0.000,0.001,0.001,0.001,0.001,0.003,0.002,0.002,0.001,0.001,0.001,0.000,0.000,0.001,0.002,0.001,0.001,0.002,0.002,0.001,0.001,0.001,0.001,0.001,0.004,0.001,0.000,0.000,0.000,0.000,0.000,0.007,0.009,0.011,0.012,0.014,0.007,0.002,0.004,0.001,0.001,0.020,0.000,0.002,0.004,0.001,0.001,0.001,0.001,0.010,1.000,0.736,0.492,1.099,0.023,0.130,0.032,0.021,0.021,0.068,0.032,0.021,0.012,0.014,0.031,0.015,0.009,0.138,0.021,0.052,0.031,0.027,0.054,0.044,0.134,0.027,0.096,0.034,0.054,0.081,0.014,0.011,0.006,0.019,0.016,0.064,0.185,0.103,0.116,0.119,0.075,0.057,0.018,0.003,0.005,0.039,0.040,0.069,0.029,0.008,0.007,0.207,0.005,0.063,,,,,,,,,,,,
-,Satellite account,Energy Carrier Supply: Total,0.175,0.000,11.832,0.000,213.657,0.000,0.000,4.616,0.000,0.000,0.007,6.613,12.489,6.270,0.000,107.518,2.637,0.000,4.067,0.000,0.000,0.000,0.000,0.000,0.000,1.833,0.000,0.000,0.000,0.000,26.171,41.457,0.000,3.020,40.754,0.000,0.000,0.000,0.000,0.000,0.000,0.000,0.000,0.000,0.000,0.000,0.000,0.000,0.000,12.284,0.000,0.000,0.000,0.000,6.158,0.000,17.409,0.000,194.955,0.000,0.000,12.863,0.000,0.000,0.005,30.025,17.029,49.616,0.000,108.573,2.852,0.000,1.631,0.000,0.000,0.000,0.000,0.000,0.000,2.234,0.000,0.000,0.000,0.000,52.708,70.871,0.000,8.187,56.358,0.000,0.000,0.000,0.000,0.000,0.000,0.000,0.000,0.000,0.000,0.000,0.000,0.000,0.000,17.194,0.000,0.000,0.000,0.000,,,,,,,,,,,,
-,Satellite account,Energy Carrier Use: Total,3.047,3.688,4.511,3.967,27.709,5.207,1.086,1.386,3.475,0.786,2.891,2.056,13.416,5.856,3.241,116.359,16.821,8.805,8.766,0.649,6.741,9.331,9.671,6.378,7.776,4.251,6.329,0.569,1.800,15.071,75.457,27.236,1.313,12.145,67.697,0.276,64.611,0.602,0.960,0.292,0.754,4.462,0.433,0.292,0.457,0.589,0.669,0.773,0.863,3.986,1.016,1.121,0.612,1.061,3.573,3.165,8.450,0.899,11.178,7.471,2.774,2.331,13.053,4.106,9.368,12.908,15.342,45.135,5.297,119.912,69.433,713.070,9.058,2.313,5.415,167.329,14.728,28.993,254.473,8.890,85.835,1.272,4.250,20.515,149.858,36.428,0.919,67.122,102.394,0.772,1459.229,0.245,10.938,0.433,0.606,6.341,0.512,0.673,0.616,1.383,1.165,1.223,0.959,9.599,1.510,1.650,3.132,1.241,,,,,,,,,,,,
-,Satellite account,Domestic Extraction Used,2.823,4.381,6.459,0.347,10.805,47.298,0.005,0.003,0.000,0.000,0.021,0.013,0.009,0.001,0.002,0.006,0.135,0.160,0.053,0.001,1.013,1.124,1.011,0.898,0.681,0.052,0.043,0.005,0.013,0.154,0.152,0.030,0.138,0.164,0.413,0.044,0.100,0.000,0.000,0.032,0.001,0.021,0.001,0.001,0.003,0.002,0.004,0.000,0.000,0.005,0.016,0.024,0.029,0.001,4.108,10.799,9.898,0.314,5.396,47.293,0.045,0.101,0.001,0.003,0.016,0.027,0.030,0.000,0.004,0.009,0.016,0.001,0.021,0.003,0.024,0.097,0.053,0.141,0.055,0.009,0.039,0.002,0.006,0.032,0.014,0.030,0.012,0.018,0.016,0.018,0.001,0.007,0.130,0.016,0.001,0.015,0.000,0.000,0.001,0.004,0.003,0.001,0.000,0.002,0.010,0.000,0.039,0.003,,,,,,,,,,,,
-,Satellite account,Unused Domestic Extraction,1.853,1.307,1.170,0.076,59.678,8.958,0.001,0.001,0.000,0.000,0.003,0.002,0.001,0.000,0.001,0.001,0.024,0.025,0.007,0.000,0.135,0.162,0.146,0.122,0.100,0.007,0.002,0.001,0.002,0.015,0.007,0.002,0.005,0.006,0.020,0.007,0.023,0.000,0.000,0.006,0.000,0.002,0.000,0.001,0.000,0.000,0.001,0.000,0.000,0.001,0.003,0.004,0.006,0.000,2.177,0.405,1.479,0.068,11.497,11.792,0.014,0.027,0.000,0.000,0.007,0.004,0.009,0.000,0.001,0.003,0.008,0.000,0.004,0.001,0.010,0.012,0.017,0.023,0.011,0.011,0.117,0.001,0.003,0.021,0.011,0.017,0.008,0.014,0.010,0.002,0.000,0.004,0.048,0.021,0.000,0.010,0.000,0.000,0.001,0.003,0.002,0.001,0.000,0.000,0.001,0.000,0.029,0.001,,,,,,,,,,,,
,,circulating capital ratio,0.395,0.609,0.463,0.476,0.462,0.542,0.709,0.693,0.495,0.619,0.675,0.623,0.701,0.691,0.616,0.860,0.569,0.580,0.758,0.675,0.659,0.544,0.605,0.661,0.679,0.790,0.773,0.631,0.555,0.640,0.597,0.392,0.574,0.596,0.523,0.597,0.153,0.248,0.432,0.299,0.313,0.495,0.465,0.211,0.429,0.478,0.328,0.187,0.273,0.536,0.537,0.529,0.510,0.298,0.358,0.575,0.307,0.200,0.342,0.506,0.804,0.733,0.509,0.709,0.701,0.572,0.745,0.582,0.627,0.781,0.784,0.602,0.758,0.688,0.695,0.531,0.693,0.687,0.745,0.758,0.718,0.692,0.614,0.582,0.554,0.322,0.627,0.567,0.449,0.606,0.069,0.152,0.504,0.203,0.316,0.468,0.413,0.270,0.458,0.473,0.385,0.280,0.532,0.563,0.538,0.418,0.339,0.480,,,,,,,,,,,,
,,GO,1.000,1.000,1.000,1.000,1.000,1.000,1.000,1.000,1.000,1.000,1.000,1.000,1.000,1.000,1.000,1.000,1.000,1.000,1.000,1.000,1.000,1.000,1.000,1.000,1.000,1.000,1.000,1.000,1.000,1.000,1.000,1.000,1.000,1.000,1.000,1.000,1.000,1.000,1.000,1.000,1.000,1.000,1.000,1.000,1.000,1.000,1.000,1.000,1.000,1.000,1.000,1.000,1.000,1.000,1.000,1.000,1.000,1.000,1.000,1.000,1.000,1.000,1.000,1.000,1.000,1.000,1.000,1.000,1.000,1.000,1.000,1.000,1.000,1.000,1.000,1.000,1.000,1.000,1.000,1.000,1.000,1.000,1.000,1.000,1.000,1.000,1.000,1.000,1.000,1.000,1.000,1.000,1.000,1.000,1.000,1.000,1.000,1.000,1.000,1.000,1.000,1.000,1.000,1.000,1.000,1.000,1.000,1.000,,,,,,,,,,,,
,,validation,1.000,1.000,1.000,1.000,1.000,1.000,1.000,1.000,1.000,1.000,1.000,1.000,1.000,1.000,1.000,1.000,1.000,1.000,1.000,1.000,1.000,1.000,1.000,1.000,1.000,1.000,1.000,1.000,1.000,1.000,1.000,1.000,1.000,1.000,1.000,1.000,1.000,1.000,1.000,1.000,1.000,1.000,1.000,1.000,1.000,1.000,1.000,1.000,1.000,1.000,1.000,1.000,1.000,1.000,1.000,1.000,1.000,1.000,1.000,1.000,1.000,1.000,1.000,1.000,1.000,1.000,1.000,1.000,1.000,1.000,1.000,1.000,1.000,1.000,1.000,1.000,1.000,1.000,1.000,1.000,1.000,1.000,1.000,1.000,1.000,1.000,1.000,1.000,1.000,1.000,1.000,1.000,1.000,1.000,1.000,1.000,1.000,1.000,1.000,1.000,1.000,1.000,1.000,1.000,1.000,1.000,1.000,1.000,,,,,,,,,,,,
,,Material extraction coeff,4.676286348,5.687747314,7.628251006,0.423446446,70.48267828,56.25661788,0.006449583,0.003811575,0.0001103,0.00043732,0.024310365,0.01479444,0.010367031,0.001062251,0.002444142,0.006328179,0.15903421,0.184592771,0.060532496,0.001711776,1.147971427,1.286260004,1.157363168,1.019760284,0.780806514,0.058906335,0.045769207,0.005799116,0.014522212,0.168112179,0.158192572,0.03149496,0.143728141,0.170306346,0.432763471,0.051084523,0.122644359,0.000100327,0.000348804,0.03811411,0.000987985,0.023379535,0.000939464,0.001652709,0.002654348,0.001613193,0.00474619,0.000211696,6.02601E-05,0.005842656,0.019007518,0.027828014,0.03504251,0.001192794,6.285084782,11.20366949,11.37626023,0.381760864,16.89317759,59.0845615,0.059388794,0.127636528,0.000688927,0.003331943,0.022233881,0.030703756,0.039004168,1.578E-06,0.00487494,0.01243826,0.024773482,0.001206506,0.024952052,0.004316232,0.033757534,0.108582801,0.069783543,0.164258703,0.065526619,0.019702217,0.155796441,0.003566975,0.008797255,0.052941301,0.024420652,0.046989724,0.019936018,0.032716486,0.026370041,0.019710471,0.001356115,0.011792783,0.178455322,0.037297672,0.001391124,0.025648001,0.00022617,6.61556E-05,0.001621377,0.007456531,0.004821425,0.00137881,0.000384933,0.002483576,0.010534241,0.00025152,0.067779504,0.003893365,,,,,,,,,,,,
,,Energy use coeff,3.047329143,3.687656174,4.510644429,3.966847575,27.70884423,5.206508566,1.086146423,1.385612902,3.47512706,0.785941878,2.890634967,2.056224364,13.41556508,5.855777259,3.240878213,116.3592782,16.82133388,8.805368611,8.766355861,0.648897629,6.74098736,9.331217165,9.670759246,6.377968046,7.776180747,4.250529021,6.32902113,0.56897599,1.800493626,15.07065581,75.45653223,27.23638207,1.313487539,12.1454621,67.69726219,0.275862893,64.61101324,0.60171387,0.960167142,0.291871047,0.754190758,4.461865781,0.433105287,0.291678,0.457126283,0.588690206,0.669265522,0.773194154,0.863294807,3.985571922,1.015592229,1.121071769,0.612229432,1.06120195,3.573420753,3.165264836,8.450439983,0.898661415,11.17780331,7.470764217,2.773766829,2.330670096,13.05320468,4.105574897,9.367505925,12.90773394,15.34244703,45.13463425,5.29743719,119.9115283,69.43253526,713.0698635,9.058046219,2.313441883,5.414579419,167.3293933,14.72815239,28.99301708,254.4725807,8.889895927,85.83513258,1.272422278,4.250435072,20.51459539,149.8577219,36.42841322,0.919313592,67.12168905,102.3940449,0.77213521,1459.229366,0.245484987,10.93824464,0.433074788,0.606213229,6.341319105,0.51215954,0.673405228,0.615602415,1.383229076,1.165393863,1.222748264,0.958618945,9.599070377,1.509701428,1.649669419,3.132476921,1.241223445,,,,,,,,,,,,
,,Male employment share,0.6215102,0.617228024,0.643218555,0.646465984,0.881515006,0.877621686,0.52996309,0.556175172,0.530955626,0.29441277,0.802433677,0.814248577,0.667006213,0.752306115,0.620422364,0.723144427,0.718400017,0.696338441,0.644160284,0.696971261,0.743279763,0.757671929,0.766256668,0.758345761,0.804520202,0.856284373,0.878641265,0.768164235,0.669955754,0.712281839,0.77795358,0.783573896,0.776108716,0.778570494,0.792222018,0.910885789,0.894575721,0.510361349,0.511888396,0.500560189,0.461534767,0.778639125,0.526731657,0.488267713,0.476446369,0.52393747,0.544123986,0.288767993,0.219593159,0.806443137,0.800231398,0.791075568,0.797730199,0.245908243,0.656311572,0.660757156,0.645773206,0.70626511,0.752747913,0.731343312,0.647650975,0.65208172,0.336557526,0.554874215,0.837648354,0.867686987,0.770814143,0.785683345,0.724594917,0.912582877,0.743900215,0.816438224,0.796299613,0.711973112,0.800544666,0.872240041,0.814435479,0.831427484,0.798041195,0.921729516,0.893862911,0.753500785,0.771233598,0.689555142,0.8469206,0.838733758,0.868909394,0.873495096,0.861272434,0.898514763,0.889427092,0.544273015,0.539043244,0.539728814,0.516294305,0.856190236,0.629254991,0.608593541,0.592971588,0.619767725,0.668031201,0.463756674,0.362571018,0.818801655,0.81115986,0.929217496,0.766068897,0.458174533,,,,,,,,,,,,
,,Female employment share,0.3784898,0.382771976,0.356781445,0.353534016,0.118484994,0.122378314,0.47003691,0.443824828,0.469044374,0.70558723,0.197566323,0.185751423,0.332993787,0.247693885,0.379577636,0.276855573,0.281599983,0.303661559,0.355839716,0.303028739,0.256720237,0.242328071,0.233743332,0.241654239,0.195479798,0.143715627,0.121358735,0.231835765,0.330044246,0.287718161,0.22204642,0.216426104,0.223891284,0.221429506,0.207777982,0.089114211,0.105424279,0.489638651,0.488111604,0.499439811,0.538465233,0.221360875,0.473268343,0.511732287,0.523553631,0.47606253,0.455876014,0.711232007,0.780406841,0.193556863,0.199768602,0.208924432,0.202269801,0.754091757,0.343688428,0.339242844,0.354226794,0.29373489,0.247252087,0.268656688,0.352349025,0.34791828,0.663442474,0.445125785,0.162351646,0.132313013,0.229185857,0.214316655,0.275405083,0.087417123,0.256099785,0.183561776,0.203700387,0.288026888,0.199455334,0.127759959,0.185564521,0.168572516,0.201958805,0.078270484,0.106137089,0.246499215,0.228766402,0.310444858,0.1530794,0.161266242,0.131090606,0.126504904,0.138727566,0.101485237,0.110572908,0.455726985,0.460956756,0.460271186,0.483705695,0.143809764,0.370745009,0.391406459,0.407028412,0.380232275,0.331968799,0.536243326,0.637428982,0.181198345,0.18884014,0.070782504,0.233931103,0.541825467,,,,,,,,,,,,
,,Wage rate,4.268433265,4.167046538,8.260806397,5.35257291,31.23770704,46.71090085,30.72953449,29.91309573,38.42425942,25.10272737,24.97142772,31.02886673,21.27102167,35.20258552,47.4464199,49.72095328,78.90478978,72.17735662,8.70720493,41.40869282,31.13964686,36.38197957,35.21234934,34.61897137,39.18066417,43.00361855,41.09104109,51.31745415,21.76247803,41.07163965,52.16877572,57.94263082,53.70140062,62.77499981,35.8465755,27.87007163,33.02819231,30.17895685,11.55475666,19.02035782,34.40420633,47.852759,35.71827211,39.75087152,34.69106211,23.544465,36.96365973,34.34174655,29.37646525,35.44571659,33.58851757,26.22938133,27.58461265,25.8212639,0.960251207,0.994704655,1.600155444,1.175892886,5.25287155,4.558706969,7.320429531,8.455307408,5.436501858,5.664884515,6.106080302,14.30078961,5.42787758,50.12298078,9.44289171,6.827193542,7.128359972,70.57218217,9.431400213,5.647745796,7.068908441,20.82581774,5.867230654,6.775381008,41.60520076,6.065691528,26.99089746,7.920104054,6.353398828,6.669515572,11.98755831,8.494985804,12.27645788,6.895369674,5.920125581,8.861013121,25.81735916,14.2389895,6.143922562,7.111442335,12.6563285,11.02979082,24.10195063,20.29403098,25.13454973,12.23225974,19.20902609,11.56013924,12.78658195,39.52459455,34.87430973,6.768507489,32.39340375,9.472400678,,,,,,,,,,,,
,,,0.004268433,0.004167047,0.008260806,0.005352573,0.031237707,0.046710901,0.030729534,0.029913096,0.038424259,0.025102727,0.024971428,0.031028867,0.021271022,0.035202586,0.04744642,0.049720953,0.07890479,0.072177357,0.008707205,0.041408693,0.031139647,0.03638198,0.035212349,0.034618971,0.039180664,0.043003619,0.041091041,0.051317454,0.021762478,0.04107164,0.052168776,0.057942631,0.053701401,0.062775,0.035846575,0.027870072,0.033028192,0.030178957,0.011554757,0.019020358,0.034404206,0.047852759,0.035718272,0.039750872,0.034691062,0.023544465,0.03696366,0.034341747,0.029376465,0.035445717,0.033588518,0.026229381,0.027584613,0.025821264,0.000960251,0.000994705,0.001600155,0.001175893,0.005252872,0.004558707,0.00732043,0.008455307,0.005436502,0.005664885,0.00610608,0.01430079,0.005427878,0.050122981,0.009442892,0.006827194,0.00712836,0.070572182,0.0094314,0.005647746,0.007068908,0.020825818,0.005867231,0.006775381,0.041605201,0.006065692,0.026990897,0.007920104,0.006353399,0.006669516,0.011987558,0.008494986,0.012276458,0.00689537,0.005920126,0.008861013,0.025817359,0.01423899,0.006143923,0.007111442,0.012656329,0.011029791,0.024101951,0.020294031,0.02513455,0.01223226,0.019209026,0.011560139,0.012786582,0.039524595,0.03487431,0.006768507,0.032393404,0.009472401,,,,,,,,,,,,
,,Productivity,0.035245637,0.051655934,0.056814843,0.02845947,0.136623132,0.255002971,0.186160034,0.230146944,0.247019618,0.106758003,0.133523432,0.139242493,0.143725124,0.289242099,0.226119887,1.616973572,0.395109221,0.447553395,0.11215867,0.217860731,0.181924966,0.151408515,0.14702957,0.174173335,0.200743206,0.341493268,0.340533124,0.221809957,0.078501802,0.203003199,0.495834477,0.750519491,0.895480615,0.337501083,0.225023663,0.118276885,0.068179903,0.060582755,0.052785561,0.047559378,0.096543025,0.169878624,0.119024392,0.959143314,0.390910281,0.055269629,0.074486383,0.049769788,0.056390502,0.173166953,0.157530927,0.124508291,0.11122554,0.052693222,0.003040661,0.004405516,0.004682901,0.001827974,0.046437104,0.024308256,0.081818575,0.074042717,0.081963565,0.037503669,0.042868562,0.057617229,0.051490446,0.174937328,0.048786567,0.182670721,0.084221116,0.368988896,0.130262533,0.028773888,0.067479361,0.071398866,0.041692231,0.047190656,0.266838612,0.073138521,0.302234188,0.047959354,0.037764801,0.026432751,0.065090601,0.075705884,0.123854729,0.046700797,0.046547364,0.037466402,0.063465466,0.024967342,0.036539188,0.017231056,0.032863087,0.036588639,0.074589142,0.459119214,0.246555333,0.026196637,0.040418123,0.019105575,0.043832825,0.127390543,0.142777799,0.020095246,0.0859213,0.02495435,,,,,,,,,,,,
